日期,开盘价,最高价,最低价,收盘价,成交量,成交额
2022-01-27,991.605,998.255,966.84,967.516,281414410,10513658700.0
2022-01-28,975.015,979.996,941.097,960.614,416811560,16657083000.0
2022-02-07,979.555,1000.588,978.774,1000.588,380522930,14219272000.0
2022-02-08,996.414,1001.976,978.813,1001.976,323413880,11625678800.0
2022-02-09,1002.716,1011.834,993.126,1009.523,318472660,11291771000.0
2022-02-10,1008.423,1009.669,991.842,1000.063,338404260,13647462000.0
2022-02-11,992.057,1003.369,977.441,979.009,346529250,14518408000.0
2022-02-14,974.829,989.927,968.582,973.853,323966820,12517940000.0
2022-02-15,982.369,1003.78,979.371,1002.363,350195200,13871577000.0
2022-02-16,1007.832,1015.374,1001.551,1009.984,305669050,11474590600.0
2022-02-17,1009.867,1031.267,1008.868,1025.299,458191830,17765040000.0
2022-02-18,1016.942,1020.23,1011.475,1017.118,323688450,12567061300.0
2022-02-21,1018.288,1033.449,1015.976,1033.289,339268520,12443913000.0
2022-02-22,1025.234,1047.809,1016.797,1047.809,475534500,18916608000.0
2022-02-23,1052.154,1105.069,1051.644,1101.246,623364450,24418203000.0
2022-02-24,1098.922,1139.029,1078.542,1098.931,802702620,33130043000.0
2022-02-25,1114.362,1125.436,1099.018,1103.604,501376030,21709758000.0
2022-02-28,1102.999,1117.326,1089.694,1116.617,425011180,20168373000.0
2022-03-01,1131.18,1140.331,1128.531,1140.012,582463560,26321844000.0
2022-03-02,1130.681,1152.292,1121.682,1150.591,483112200,20111751000.0
2022-03-03,1150.39,1150.87,1125.831,1126.068,390837480,16297224000.0
2022-03-04,1111.917,1127.121,1097.612,1104.698,373583180,15044882000.0
2022-03-07,1100.005,1116.881,1094.34,1100.551,379077160,16212624000.0
2022-03-08,1097.892,1112.515,1076.537,1088.205,469874790,20725874000.0
2022-03-09,1101.638,1106.768,1028.321,1079.917,571551190,23305596000.0
2022-03-10,1116.194,1132.914,1109.421,1120.727,709771720,29644211000.0
2022-03-11,1101.881,1124.617,1087.302,1122.263,619051640,22903573000.0
2022-03-14,1110.69,1117.217,1079.89,1079.89,467111920,17778430000.0
2022-03-15,1066.657,1087.589,1034.608,1034.608,498261210,19485319000.0
2022-03-16,1057.132,1071.59,1009.542,1069.159,604072670,23622858000.0
2022-03-17,1082.603,1092.946,1064.014,1064.297,561881910,22849502000.0
2022-03-18,1058.308,1080.976,1055.948,1078.001,338618380,13264881800.0
2022-03-21,1078.313,1092.628,1069.554,1082.896,363844580,15420524000.0
2022-03-22,1085.747,1085.747,1060.597,1065.238,381553320,15402977000.0
2022-03-23,1072.052,1081.948,1061.359,1066.96,303404200,11567458800.0
2022-03-24,1057.069,1057.7,1037.016,1047.672,350152520,14332555000.0
2022-03-25,1049.065,1056.367,1028.849,1028.849,344458760,14074733000.0
2022-03-28,1024.068,1047.989,1017.612,1036.854,380331900,14717749000.0
2022-03-29,1040.858,1050.311,1028.776,1035.373,384264430,14878418000.0
2022-03-30,1041.575,1052.731,1035.938,1051.993,382724520,15558426000.0
2022-03-31,1043.855,1043.917,1019.591,1022.858,371113030,14959310000.0
2022-04-01,1017.38,1034.481,1013.012,1023.026,321751670,12584264800.0
2022-04-06,1015.661,1015.661,1002.632,1009.943,363553310,15141641000.0
2022-04-07,1006.79,1014.69,994.098,994.098,299077070,11235146500.0
2022-04-08,995.092,1004.052,979.795,997.262,386603450,14005932000.0
2022-04-11,993.431,993.431,956.155,959.004,402986850,14794133000.0
2022-04-12,960.104,971.167,948.423,970.868,302831080,11051975500.0
2022-04-13,967.173,975.88,958.027,963.335,291256340,10797360700.0
2022-04-14,971.531,981.254,965.61,976.127,318061420,11624408200.0
2022-04-15,964.58,980.408,957.023,972.111,375853050,13779817000.0
2022-04-18,965.744,993.824,959.643,992.2,341525890,13237410800.0
2022-04-19,995.71,1012.062,994.519,1004.669,373037460,13252889800.0
2022-04-20,1003.174,1005.959,982.94,987.632,334919880,12118298800.0
2022-04-21,978.381,981.479,932.145,935.429,422158250,15322070000.0
2022-04-22,925.074,940.939,915.601,925.774,321760040,11927002700.0
2022-04-25,902.345,909.761,857.258,857.258,421875950,13934617000.0
2022-04-26,855.582,867.986,829.119,832.345,417089250,13434339000.0
2022-04-27,820.903,891.423,820.269,891.036,497583210,16224232000.0
2022-04-28,888.941,908.278,881.65,892.92,457370230,17042731000.0
2022-04-29,899.348,929.819,893.682,924.042,444824130,15994247000.0
2022-05-05,921.756,950.126,919.843,939.199,404619750,14491171000.0
2022-05-06,914.566,932.169,910.096,920.162,285882550,9500861800.0
2022-05-09,916.485,933.848,916.416,927.892,241410010,8599845500.0
2022-05-10,916.308,952.834,915.166,943.958,378617530,13013519100.0
2022-05-11,946.889,983.028,944.992,959.19,463071130,17029321000.0
2022-05-12,952.559,964.045,944.557,954.187,301536760,10973365600.0
2022-05-13,960.55,971.293,953.346,960.072,324203880,10302340800.0
2022-05-16,966.642,978.962,956.286,958.461,308939020,10554441000.0
2022-05-17,960.868,983.611,956.173,982.319,424934290,14377589000.0
2022-05-18,982.18,993.308,977.431,986.138,342088590,11733038400.0
2022-05-19,969.979,1037.215,969.225,1037.215,691085160,26487292000.0
2022-05-20,1041.554,1050.975,1035.285,1044.804,550069330,21946595000.0
2022-05-23,1041.497,1051.838,1033.077,1049.892,444352680,16640677000.0
2022-05-24,1048.947,1061.237,1025.674,1026.696,553316780,19075717000.0
2022-05-25,1022.781,1031.719,1011.228,1029.004,403581220,14293830000.0
2022-05-26,1031.68,1036.149,1011.605,1032.296,384747810,13790761000.0
2022-05-27,1040.605,1058.288,1035.846,1043.962,371298210,12970266100.0
2022-05-30,1056.448,1063.721,1038.169,1063.721,393475330,14061022000.0
2022-05-31,1077.019,1083.306,1061.296,1080.519,574060250,21188039000.0
2022-06-01,1075.757,1093.808,1074.651,1088.485,419642980,16000165000.0
2022-06-02,1084.07,1105.717,1078.232,1097.506,460482470,18041085000.0
2022-06-06,1097.256,1145.753,1097.256,1143.752,676583490,27290909000.0
2022-06-07,1156.038,1166.64,1131.401,1136.393,723785140,30333111000.0
2022-06-08,1136.87,1155.018,1124.62,1155.018,668709110,24592002000.0
2022-06-09,1151.713,1186.578,1148.789,1176.81,826477310,28617374000.0
2022-06-10,1160.033,1224.846,1157.389,1216.818,971583160,35510963000.0
2022-06-13,1205.634,1255.762,1205.634,1244.36,922231250,33721266000.0
2022-06-14,1225.406,1275.303,1225.406,1270.472,1010122170,37410057000.0
2022-06-15,1279.257,1286.612,1227.908,1228.489,938592100,35207215000.0
2022-06-16,1230.206,1260.074,1230.206,1244.358,826959920,28287079000.0
2022-06-17,1238.85,1296.055,1238.85,1287.454,922066170,32630957000.0
2022-06-20,1297.894,1307.928,1267.125,1281.349,1017912280,34429959000.0
2022-06-21,1279.448,1290.884,1252.696,1269.85,898656800,31715007000.0
2022-06-22,1269.838,1298.625,1262.658,1265.795,768214800,26784442000.0
2022-06-23,1278.03,1290.912,1240.164,1290.912,726535350,25122665000.0
2022-06-24,1296.548,1339.943,1296.548,1332.272,935538340,34420101000.0
2022-06-27,1337.963,1346.481,1317.612,1342.02,912112340,32120785000.0
2022-06-28,1341.708,1376.818,1330.922,1375.444,900887180,34487848000.0
2022-06-29,1374.091,1380.6,1326.286,1326.286,1026460780,40912280000.0
2022-06-30,1330.83,1376.043,1327.21,1365.895,1036077700,41909225000.0
2022-07-01,1363.099,1395.234,1353.456,1384.492,1091568870,44929014000.0
2022-07-04,1375.214,1411.044,1366.233,1411.044,1407440300,50360783000.0
2022-07-05,1415.627,1422.364,1392.617,1411.903,1394023400,49404522000.0
2022-07-06,1401.571,1401.571,1359.463,1377.814,1225389050,38674068000.0
2022-07-07,1374.635,1392.235,1354.614,1386.979,1291988150,35210062000.0
2022-07-08,1392.16,1396.76,1353.452,1355.06,1049153730,33458981000.0
2022-07-11,1349.347,1349.347,1302.98,1316.703,1043130780,36650782000.0
2022-07-12,1317.933,1338.727,1303.75,1304.946,817169730,28253338000.0
2022-07-13,1305.175,1325.938,1291.885,1320.851,835368770,29106438000.0
2022-07-14,1315.471,1355.244,1311.465,1341.691,864875980,29473966000.0
2022-07-15,1329.719,1347.679,1311.086,1311.086,1155052960,35275108000.0
2022-07-18,1313.14,1329.15,1298.682,1329.059,892991420,28825146000.0
2022-07-19,1328.872,1340.931,1320.277,1333.281,804676830,25184595000.0
2022-07-20,1335.059,1337.573,1320.493,1335.254,694426080,21772708000.0
2022-07-21,1331.653,1331.653,1302.905,1302.913,865913470,25939802000.0
2022-07-22,1302.719,1323.11,1296.728,1308.358,781532390,25815490000.0
2022-07-25,1308.293,1310.208,1277.355,1278.523,760918780,24322630000.0
2022-07-26,1278.678,1315.384,1271.918,1312.877,692474840,22039097000.0
2022-07-27,1311.435,1328.568,1302.335,1325.146,657192300,23467120000.0
2022-07-28,1331.926,1337.4,1318.045,1326.387,974427020,27740801000.0
2022-07-29,1328.867,1337.549,1318.945,1321.317,871673300,24352970000.0
2022-08-01,1320.949,1339.193,1307.632,1338.608,829770000,24744614000.0
2022-08-02,1316.312,1316.312,1262.228,1268.293,991981290,27152844000.0
2022-08-03,1277.298,1303.335,1261.51,1266.441,988754040,29527815000.0
2022-08-04,1273.013,1299.406,1270.448,1288.756,872219940,26458932000.0
2022-08-05,1290.621,1291.689,1266.181,1289.861,790996500,21908314000.0
2022-08-08,1283.661,1302.445,1275.274,1302.337,675492550,19643303000.0
2022-08-09,1301.125,1352.506,1298.616,1347.809,967817500,33624722000.0
2022-08-10,1345.258,1361.996,1340.829,1360.046,827976290,25942780000.0
2022-08-11,1364.11,1391.383,1360.196,1391.119,1024409330,28922020000.0
2022-08-12,1386.592,1400.846,1372.597,1373.456,851660100,22718862000.0
2022-08-15,1372.175,1421.235,1371.993,1421.235,1184856420,37994505000.0
2022-08-16,1425.456,1447.321,1417.81,1439.417,1152205330,37502764000.0
2022-08-17,1440.631,1441.084,1417.554,1424.225,1296083300,35654249000.0
2022-08-18,1419.864,1432.016,1419.864,1426.704,1008922540,30382788000.0
2022-08-19,1429.494,1429.6,1381.75,1381.948,1502232100,50880192000.0
2022-08-22,1372.111,1375.689,1352.434,1368.004,1288511730,43267577000.0
2022-08-23,1363.291,1386.63,1362.768,1376.936,1033747000,34125340000.0
2022-08-24,1375.648,1375.648,1329.766,1333.118,988196860,27432236000.0
2022-08-25,1337.066,1338.852,1288.564,1306.258,845913280,26353652000.0
2022-08-26,1308.051,1318.977,1288.342,1290.854,716274960,22487184000.0
2022-08-29,1270.292,1309.634,1267.985,1309.441,833288410,23363437000.0
2022-08-30,1310.124,1310.772,1280.864,1290.289,753421360,19877298000.0
2022-08-31,1286.087,1287.475,1231.043,1233.384,921746160,26237788000.0
2022-09-01,1233.326,1243.458,1221.693,1223.883,584947730,16631368000.0
2022-09-02,1227.98,1246.922,1215.373,1242.538,557584890,16262590000.0
2022-09-05,1239.498,1255.588,1234.384,1248.16,574524120,17320183000.0
2022-09-06,1252.911,1297.678,1248.927,1297.678,893358910,29971457000.0
2022-09-07,1288.753,1317.293,1286.934,1308.936,750134950,24313899000.0
2022-09-08,1310.463,1315.254,1291.278,1292.161,656390200,18536868000.0
2022-09-09,1294.853,1297.888,1280.839,1290.003,660329980,19202795000.0
2022-09-13,1292.662,1294.996,1268.369,1279.082,564614920,16851710000.0
2022-09-14,1255.877,1272.057,1246.853,1258.909,536146710,14468585000.0
2022-09-15,1262.658,1264.19,1192.413,1206.911,884601010,27512553000.0
2022-09-16,1200.969,1208.744,1177.628,1177.628,650113900,17195455000.0
2022-09-19,1176.847,1201.252,1171.244,1177.476,576505180,14204800000.0
2022-09-20,1186.884,1217.02,1186.884,1209.837,609934850,18230605000.0
2022-09-21,1204.344,1211.522,1191.082,1204.165,532380860,14193412000.0
2022-09-22,1200.641,1227.407,1195.132,1210.046,502239090,14273447000.0
2022-09-23,1210.059,1218.349,1178.527,1189.703,767181800,16522587000.0
2022-09-26,1177.175,1203.117,1172.3,1178.221,782222770,17779017000.0
2022-09-27,1182.104,1195.55,1171.8,1195.025,710699880,16373255000.0
2022-09-28,1191.958,1194.94,1150.364,1150.48,669976190,15975354000.0
2022-09-29,1165.287,1170.113,1148.994,1155.448,705715770,17929989000.0
2022-09-30,1154.939,1156.284,1128.931,1128.931,552584050,14496564000.0
2022-10-10,1133.579,1145.421,1103.337,1108.832,580935750,14788288000.0
2022-10-11,1113.388,1142.258,1110.399,1142.084,589655450,14855759000.0
2022-10-12,1139.583,1174.485,1114.44,1174.485,1065633830,21795998000.0
2022-10-13,1162.995,1177.933,1159.733,1164.567,754429510,17829583000.0
2022-10-14,1177.34,1214.715,1169.911,1206.644,1203975980,32383988000.0
2022-10-17,1197.228,1205.996,1187.421,1205.61,1005793770,21285378000.0
2022-10-18,1213.704,1221.726,1204.761,1209.457,870694040,17702768000.0
2022-10-19,1205.738,1217.486,1193.177,1193.177,803720650,16266332000.0
2022-10-20,1184.839,1192.44,1163.665,1174.12,771933250,17154119000.0
2022-10-21,1176.552,1181.487,1160.762,1165.782,611116090,13969338000.0
2022-10-24,1166.935,1183.568,1148.365,1156.529,686172320,15619079000.0
2022-10-25,1150.606,1173.192,1129.373,1160.41,794172580,18686589000.0
2022-10-26,1161.526,1188.14,1158.482,1182.384,785087900,19358336000.0
2022-10-27,1184.836,1205.446,1165.571,1166.177,754377120,19850291000.0
2022-10-28,1155.015,1155.03,1104.837,1108.49,746668030,18196567000.0
2022-10-31,1094.101,1107.969,1085.094,1090.283,776946870,17482070000.0
2022-11-01,1091.107,1134.396,1091.107,1134.396,833579190,20572499000.0
2022-11-02,1132.55,1159.136,1127.566,1149.455,746292850,19034252000.0
2022-11-03,1139.924,1164.334,1137.883,1157.022,686221420,18241743000.0
2022-11-04,1159.613,1206.248,1159.613,1204.29,1108451740,28559229000.0
2022-11-07,1209.554,1231.058,1209.314,1222.822,978624910,23742001000.0
2022-11-08,1227.352,1232.778,1207.628,1217.386,737388190,16968970000.0
2022-11-09,1220.103,1220.122,1202.261,1202.261,677121140,16220063000.0
2022-11-10,1195.235,1197.023,1172.55,1176.708,751911710,18050308000.0
2022-11-11,1206.325,1208.414,1177.935,1183.493,1048153450,22949742000.0
2022-11-14,1183.065,1196.123,1161.215,1166.149,864968540,20018885000.0
2022-11-15,1165.539,1203.475,1161.589,1203.475,1185608240,22382601000.0
2022-11-16,1202.359,1208.38,1184.676,1186.383,1003737060,19837189000.0
2022-11-17,1183.498,1183.498,1158.646,1174.067,857380650,18039130000.0
2022-11-18,1175.544,1179.894,1161.934,1164.603,907300390,18517299000.0
2022-11-21,1160.405,1176.96,1154.483,1176.955,706511280,15028092000.0
2022-11-22,1173.36,1173.806,1151.331,1155.108,740595180,15428587000.0
2022-11-23,1154.478,1173.579,1142.4,1169.759,740636140,18124914000.0
2022-11-24,1171.217,1183.275,1166.558,1173.383,585823320,13581119000.0
2022-11-25,1168.971,1168.979,1149.151,1149.592,617797660,15619977000.0
2022-11-28,1133.366,1141.733,1123.363,1141.093,717307340,16343775000.0
2022-11-29,1145.37,1158.811,1143.981,1156.759,767896160,16383337000.0
2022-11-30,1153.899,1158.202,1143.344,1148.727,852890280,16526663000.0
2022-12-01,1158.491,1168.459,1157.909,1157.909,814652830,18360942000.0
2022-12-02,1152.405,1167.735,1151.373,1159.755,848431010,18657625000.0
2022-12-05,1159.909,1161.162,1145.576,1157.853,903542870,20569849000.0
2022-12-06,1156.064,1168.295,1145.259,1163.828,780373010,19032806000.0
2022-12-07,1163.361,1174.011,1157.453,1161.266,720759490,15523717000.0
2022-12-08,1159.209,1172.827,1150.79,1162.039,748234840,17219186000.0
2022-12-09,1160.516,1163.154,1150.586,1154.509,681967520,16267612000.0
2022-12-12,1151.963,1151.963,1138.526,1144.174,581549430,12625975900.0
2022-12-13,1142.556,1148.362,1127.222,1127.906,547027020,12819754100.0
2022-12-14,1127.462,1134.496,1118.544,1122.207,445104300,10906444700.0
2022-12-15,1119.606,1132.036,1116.338,1130.899,450698110,10995452800.0
2022-12-16,1122.74,1125.769,1103.337,1107.772,488011380,11477240600.0
2022-12-19,1104.544,1114.413,1086.402,1089.988,505294140,10172106000.0
2022-12-20,1086.953,1098.828,1082.92,1097.677,411389320,9206141200.0
2022-12-21,1096.265,1097.502,1075.884,1080.746,467389530,9682606200.0
2022-12-22,1083.265,1084.897,1041.263,1043.787,729051290,18388305000.0
2022-12-23,1038.291,1044.09,1025.044,1031.662,504503040,11490561700.0
2022-12-26,1031.534,1067.5,1031.534,1067.5,529744600,14184911000.0
2022-12-27,1069.672,1084.082,1065.045,1083.386,479724580,12067796000.0
2022-12-28,1080.077,1081.825,1068.687,1075.314,441062040,11473539000.0
2022-12-29,1073.67,1080.159,1067.628,1067.628,400047230,8964442300.0
2022-12-30,1071.836,1077.58,1065.561,1066.436,466465370,10915117600.0
2023-01-03,1066.089,1085.871,1058.267,1084.451,569067020,13129636500.0
2023-01-04,1084.113,1087.387,1072.028,1079.259,650274870,13767194000.0
2023-01-05,1079.37,1098.723,1079.37,1092.971,609729230,14058640000.0
2023-01-06,1093.076,1137.202,1093.076,1125.913,1000223110,25951213000.0
2023-01-09,1128.184,1134.279,1120.566,1124.869,641484930,15603259000.0
2023-01-10,1130.593,1132.867,1118.289,1124.65,741453550,16939194000.0
2023-01-11,1123.23,1128.485,1113.568,1114.899,714428990,14190283000.0
2023-01-12,1115.686,1125.585,1112.65,1113.885,599798550,14796068000.0
2023-01-13,1118.528,1120.014,1108.211,1115.672,586400900,12641380700.0
2023-01-16,1114.538,1138.275,1112.133,1132.395,850246460,17616558000.0
2023-01-17,1134.69,1142.108,1128.872,1133.432,611898850,12011310800.0
2023-01-18,1139.027,1145.79,1132.615,1139.819,609792040,14384866000.0
2023-01-19,1136.84,1143.07,1132.419,1141.887,617010660,11453039600.0
2023-01-20,1145.776,1163.787,1145.776,1163.693,896059200,20252788000.0
2023-01-30,1176.779,1179.521,1169.833,1172.452,1180766730,25345273000.0
2023-01-31,1169.005,1183.166,1167.461,1182.768,787853750,18759438000.0
2023-02-01,1183.886,1195.016,1177.511,1195.016,808957590,19969424000.0
2023-02-02,1199.571,1202.181,1191.311,1194.25,798938310,18317509000.0
2023-02-03,1194.283,1194.368,1167.222,1181.917,886653610,21730506000.0
2023-02-06,1175.635,1176.887,1167.922,1171.646,670638870,14361385000.0
2023-02-07,1172.527,1183.251,1168.817,1183.251,559406250,14828120000.0
2023-02-08,1183.778,1190.218,1179.565,1181.765,588996090,14114148000.0
2023-02-09,1179.836,1207.714,1177.869,1205.046,746978040,17288695000.0
2023-02-10,1201.29,1202.557,1187.559,1194.02,645745460,15713372000.0
2023-02-13,1192.893,1205.031,1191.717,1205.031,637279650,14890221000.0
2023-02-14,1208.92,1213.016,1200.245,1211.771,666815120,15341320000.0
2023-02-15,1212.825,1220.799,1204.306,1206.656,1312204240,18356601000.0
2023-02-16,1208.255,1208.255,1163.484,1170.998,1330309070,20908781000.0
2023-02-17,1172.067,1181.408,1165.476,1165.575,851611450,15478388000.0
2023-02-20,1167.667,1181.754,1155.762,1181.259,941015050,16005347000.0
2023-02-21,1182.019,1211.46,1180.96,1207.816,1014271490,23398243000.0
2023-02-22,1200.873,1207.594,1197.824,1202.384,716123810,14388256000.0
2023-02-23,1201.99,1217.944,1201.99,1212.278,877499210,21268583000.0
2023-02-24,1213.073,1213.482,1196.884,1204.273,556439530,13239838300.0
2023-02-27,1199.827,1221.887,1194.477,1210.431,709106170,16856965000.0
2023-02-28,1209.731,1210.681,1193.403,1208.014,661779430,14845210000.0
2023-03-01,1207.633,1207.633,1198.83,1205.357,612080590,13588591000.0
2023-03-02,1207.4,1209.088,1189.374,1190.198,631003590,14978478000.0
2023-03-03,1190.961,1196.022,1183.59,1192.757,563497640,11831690500.0
2023-03-06,1196.239,1216.345,1185.866,1212.796,1020763190,26977640000.0
2023-03-07,1212.928,1212.928,1187.792,1188.5,1058305010,20391435000.0
2023-03-08,1184.678,1199.795,1183.208,1191.135,616500930,14665725000.0
2023-03-09,1192.639,1198.121,1186.11,1188.249,541294650,13334254900.0
2023-03-10,1181.306,1182.233,1166.703,1166.925,637693070,13977675000.0
2023-03-13,1162.782,1175.264,1158.519,1166.362,755110050,16355415000.0
2023-03-14,1165.059,1165.115,1126.823,1145.197,810938470,18895543000.0
2023-03-15,1150.298,1167.447,1150.298,1157.226,640933240,14217871000.0
2023-03-16,1152.77,1156.113,1132.187,1133.925,835664640,21143885000.0
2023-03-17,1140.806,1143.504,1131.233,1134.334,721091690,17481595000.0
2023-03-20,1131.891,1139.523,1116.376,1134.76,713761390,16310626000.0
2023-03-21,1134.786,1147.009,1129.989,1147.009,620298100,13114192200.0
2023-03-22,1150.328,1157.853,1144.76,1149.332,999845500,15081180000.0
2023-03-23,1146.35,1149.287,1141.231,1146.845,745034410,12811575000.0
2023-03-24,1147.152,1154.335,1141.352,1151.933,760041270,14963839000.0
2023-03-27,1151.017,1151.017,1137.266,1149.341,808961190,16469952000.0
2023-03-28,1150.848,1150.848,1137.594,1137.976,660152190,13129967500.0
2023-03-29,1140.314,1144.208,1132.4,1134.453,566342720,11575866800.0
2023-03-30,1133.851,1138.781,1124.522,1137.628,627367120,13917803000.0
2023-03-31,1137.508,1151.543,1137.333,1144.031,602988170,13237233700.0
2023-04-03,1143.722,1154.346,1140.054,1153.952,705675860,15554436000.0
2023-04-04,1154.244,1154.647,1130.173,1135.409,826033970,17047721000.0
2023-04-06,1131.333,1139.033,1126.855,1138.141,770049930,14049600000.0
2023-04-07,1137.724,1149.803,1137.119,1144.185,607147410,11710880100.0
2023-04-10,1145.47,1148.308,1135.182,1140.741,787824200,18260045000.0
2023-04-11,1138.616,1138.616,1127.224,1133.473,695762540,15609255000.0
2023-04-12,1132.947,1134.079,1124.043,1132.918,698043910,15027087000.0
2023-04-13,1131.2,1131.2,1115.419,1116.503,635379450,12281729900.0
2023-04-14,1117.026,1130.387,1116.727,1128.353,689616410,15185576000.0
2023-04-17,1125.688,1134.82,1125.431,1133.562,698614640,14827771000.0
2023-04-18,1133.76,1138.303,1127.459,1131.393,703856390,15391429000.0
2023-04-19,1126.447,1126.874,1113.426,1114.507,688248540,15884295000.0
2023-04-20,1112.303,1112.967,1095.188,1100.79,740306510,16998140000.0
2023-04-21,1101.59,1106.183,1076.204,1076.647,839163000,17167032000.0
2023-04-24,1075.499,1076.515,1058.325,1062.525,738343710,15546364000.0
2023-04-25,1059.58,1061.106,1014.002,1022.549,865996630,18132719000.0
2023-04-26,1020.952,1058.438,1020.89,1053.141,897140000,20989442000.0
2023-04-27,1052.461,1052.822,1036.39,1039.66,701440320,15618309000.0
2023-04-28,1037.4,1048.62,1036.598,1048.328,795971660,16505406000.0
2023-05-04,1041.893,1051.767,1037.255,1042.82,866016260,14934430000.0
2023-05-05,1041.153,1041.153,1016.318,1021.956,751545770,14575005000.0
2023-05-08,1024.253,1032.41,1021.052,1026.344,719870800,12650254300.0
2023-05-09,1026.087,1026.087,1008.424,1008.424,739257440,12502702400.0
2023-05-10,1006.494,1023.512,1004.31,1017.21,724419350,13268884100.0
2023-05-11,1020.258,1028.816,1018.204,1022.04,632493030,11350576000.0
2023-05-12,1018.375,1022.594,1005.372,1005.433,572741610,11007167800.0
2023-05-15,1005.724,1024.229,1005.686,1024.229,706816400,13749334000.0
2023-05-16,1024.928,1030.417,1019.694,1023.779,686956120,12695761100.0
2023-05-17,1024.994,1027.667,1018.088,1025.088,529912190,10298094400.0
2023-05-18,1025.914,1027.039,1014.121,1017.837,510783700,9555793900.0
2023-05-19,1017.322,1020.007,1010.208,1017.247,460196220,7767285100.0
2023-05-22,1017.655,1026.139,1014.838,1025.792,493679920,8788960300.0
2023-05-23,1025.276,1034.614,1018.909,1021.717,666341340,10605051800.0
2023-05-24,1019.724,1039.037,1014.949,1029.098,747546050,14519036000.0
2023-05-25,1027.592,1038.762,1022.715,1031.065,858218690,17276985000.0
2023-05-26,1030.745,1030.745,1009.785,1019.633,620461750,13432083000.0
2023-05-29,1020.901,1022.382,1007.544,1009.015,949855940,15297269000.0
2023-05-30,1006.688,1010.781,991.107,1002.822,823353020,15018895000.0
2023-05-31,1002.061,1002.112,989.421,992.786,798491310,13024459700.0
2023-06-01,990.784,998.731,986.397,994.853,693806850,12118930800.0
2023-06-02,995.685,1019.488,995.685,1017.587,767902720,12733846600.0
2023-06-05,1019.524,1019.858,1006.876,1010.178,655523710,11001277600.0
2023-06-06,1011.501,1011.501,990.297,991.856,803004980,14546566000.0
2023-06-07,992.645,993.532,980.817,984.402,621915430,10367753700.0
2023-06-08,985.489,993.653,981.677,983.03,678267530,11922808200.0
2023-06-09,981.411,989.988,977.594,989.988,1201556390,16964584000.0
2023-06-12,987.313,1002.695,981.871,999.143,813623500,13158190100.0
2023-06-13,997.23,1003.216,992.593,998.161,646518510,9560956300.0
2023-06-14,999.356,999.356,991.762,991.81,587730320,9760239100.0
2023-06-15,991.609,1016.943,988.962,1016.475,977911350,21061774000.0
2023-06-16,1018.659,1023.746,1015.662,1023.444,866063940,17549622000.0
2023-06-19,1028.349,1030.656,1018.438,1019.69,761603420,13500410000.0
2023-06-20,1018.058,1021.299,1009.114,1016.713,668068140,12530257000.0
2023-06-21,1014.44,1022.53,999.999,999.999,701415410,12537947400.0
2023-06-26,994.085,1009.767,986.073,994.229,1351916600,14908192000.0
2023-06-27,996.737,1019.365,996.715,1018.993,1032602700,14117462000.0
2023-06-28,1017.577,1020.596,1006.126,1019.734,978988580,16021640000.0
2023-06-29,1018.246,1029.975,1016.087,1021.742,889787630,14327132000.0
2023-06-30,1021.589,1041.181,1016.75,1035.17,907306590,13855931000.0
2023-07-03,1036.833,1049.247,1036.833,1039.617,977742950,14268768000.0
2023-07-04,1040.167,1041.725,1035.001,1038.688,693448010,11109932400.0
2023-07-05,1037.979,1040.036,1026.641,1028.758,628195420,10692993900.0
2023-07-06,1027.433,1027.433,1019.233,1023.156,907063540,10680945900.0
2023-07-07,1021.463,1021.603,1010.463,1012.462,782185820,9472102200.0
2023-07-10,1016.772,1044.477,1015.069,1036.186,1064595700,21457748000.0
2023-07-11,1033.159,1033.159,1021.977,1031.658,812536000,13172438300.0
2023-07-12,1036.101,1049.239,1026.682,1039.843,1299177600,24222881000.0
2023-07-13,1040.813,1051.684,1040.187,1043.115,1023299250,16658077000.0
2023-07-14,1041.651,1041.687,1034.496,1035.696,1290964110,16023681000.0
2023-07-17,1032.888,1033.927,1023.65,1029.741,1099756200,13853119000.0
2023-07-18,1030.38,1032.316,1020.522,1029.391,871838690,12133389800.0
2023-07-19,1026.864,1028.615,1016.031,1020.436,627286960,9006079800.0
2023-07-20,1021.78,1030.441,1017.498,1018.292,888026750,14362165000.0
2023-07-21,1016.614,1021.921,1010.118,1013.357,913929740,13087684600.0
2023-07-24,1011.881,1012.012,1000.123,1000.646,593142790,8947603900.0
2023-07-25,1010.568,1023.423,1010.568,1020.225,906200730,13251298500.0
2023-07-26,1020.908,1025.972,1018.926,1022.357,839492250,11565541600.0
2023-07-27,1020.957,1023.092,1006.156,1007.152,655876060,9877311800.0
2023-07-28,1006.238,1016.536,999.422,1015.567,811231810,12306674100.0
2023-07-31,1021.266,1030.897,1021.266,1025.378,863088360,14743197000.0
2023-08-01,1024.455,1024.455,1010.259,1016.094,695242260,11864029800.0
2023-08-02,1018.49,1018.49,1008.24,1009.682,549401640,8920717600.0
2023-08-03,1007.716,1016.219,1007.716,1013.154,800388940,17365460000.0
2023-08-04,1016.436,1021.88,1008.95,1010.167,792215040,14704458000.0
2023-08-07,1009.51,1009.51,998.129,1000.684,615953570,9961036500.0
2023-08-08,1000.591,1001.814,990.694,999.776,645488170,10016429200.0
2023-08-09,997.537,997.537,988.846,989.974,536692880,7485308800.0
2023-08-10,989.95,998.257,989.95,996.497,477726360,8169181300.0
2023-08-11,997.301,997.301,978.264,978.264,623498250,9210393600.0
2023-08-14,972.508,978.042,963.755,977.947,646262710,8650786900.0
2023-08-15,977.457,980.071,956.998,963.157,706479440,12556044500.0
2023-08-16,959.413,963.147,949.206,949.525,577571370,9225430800.0
2023-08-17,947.118,958.685,939.646,957.989,533864450,8304563100.0
2023-08-18,958.119,963.778,946.15,946.15,520677070,8161465000.0
2023-08-21,944.943,949.985,935.003,935.003,530076120,8980105000.0
2023-08-22,937.951,941.884,913.336,930.758,868925220,14564444000.0
2023-08-23,929.162,929.162,911.388,911.388,634210620,9523267100.0
2023-08-24,913.563,927.643,906.92,918.304,679810060,11408011500.0
2023-08-25,915.341,923.577,904.832,908.4,510306240,7668449400.0
2023-08-28,954.504,954.82,914.249,916.727,918621930,14659837000.0
2023-08-29,916.432,942.885,915.852,941.486,808017100,11487437200.0
2023-08-30,944.493,956.212,941.472,945.949,793952120,10504017800.0
2023-08-31,945.085,945.542,939.002,940.412,646558030,8458875300.0
2023-09-01,944.223,949.236,941.3,945.271,463841370,6042445700.0
2023-09-04,951.367,962.295,945.442,962.237,868540020,11018084500.0
2023-09-05,959.325,968.482,955.224,965.022,814288040,13910631000.0
2023-09-06,962.431,966.543,955.828,965.453,828643510,11888728600.0
2023-09-07,963.741,963.741,941.794,941.849,714697800,10363852700.0
2023-09-08,940.57,943.934,934.635,936.037,496808770,7067121900.0
2023-09-11,937.747,948.033,932.375,944.304,579529580,8341062700.0
2023-09-12,943.405,950.142,940.462,945.512,566843530,7603513000.0
2023-09-13,945.121,946.139,930.25,935.572,521352170,6463903500.0
2023-09-14,934.721,935.07,921.348,926.135,454228550,6106547700.0
2023-09-15,929.725,934.779,922.532,925.998,516025730,7886013100.0
2023-09-18,924.179,939.163,917.441,933.751,479763660,7050058900.0
2023-09-19,932.147,932.147,921.109,923.928,476289000,6593743000.0
2023-09-20,922.348,925.143,915.339,915.629,476921150,5939133000.0
2023-09-21,913.27,917.604,905.896,906.386,520230480,6507050000.0
2023-09-22,906.537,924.039,904.552,923.508,636476850,8768085800.0
2023-09-25,922.515,924.981,915.651,920.0,592063070,8432164300.0
2023-09-26,919.137,919.968,912.08,912.091,478090760,6456966700.0
2023-09-27,912.717,938.662,912.271,928.641,931450040,17181860000.0
2023-09-28,929.556,934.914,928.814,931.898,664873030,10089591400.0
2023-10-09,929.306,929.306,919.236,923.114,590485270,8099540300.0
2023-10-10,923.653,928.354,914.886,915.731,491700600,7346238600.0
2023-10-11,918.812,922.366,911.682,914.369,529497820,7856037700.0
2023-10-12,918.045,927.795,915.235,927.245,602806710,9264272700.0
2023-10-13,924.024,924.024,909.023,911.969,674558140,8892581100.0
2023-10-16,911.615,911.785,893.327,896.864,660007230,8857197800.0
2023-10-17,899.542,900.338,892.866,896.776,562939020,6489390600.0
2023-10-18,895.001,895.001,879.003,879.241,509727930,6618183000.0
2023-10-19,875.167,883.919,868.868,868.948,562371150,7633725100.0
2023-10-20,866.737,878.356,864.948,870.519,579541120,8119236600.0
2023-10-23,866.398,866.398,836.132,839.458,621894840,8234429500.0
2023-10-24,840.931,856.374,838.398,855.88,540985430,7097384600.0
2023-10-25,860.216,872.408,860.173,863.513,572126530,8096639600.0
2023-10-26,857.253,857.392,844.603,856.008,709079790,10822365200.0
2023-10-27,852.972,879.683,849.836,876.985,780284680,11540970200.0
2023-10-30,873.133,886.736,872.467,884.996,908792230,10319460000.0
2023-10-31,883.255,887.069,873.937,878.146,780699620,10202747100.0
2023-11-01,880.774,880.864,873.498,875.856,684841610,9128266300.0
2023-11-02,875.343,877.871,861.976,862.029,682764930,9622192500.0
2023-11-03,863.775,876.237,863.775,873.765,816771720,9771932300.0
2023-11-06,877.346,894.751,877.346,893.17,1052829230,12841033300.0
2023-11-07,893.041,896.113,885.925,894.629,703949410,8929252500.0
2023-11-08,894.49,895.469,886.475,892.281,745690490,10005833400.0
2023-11-09,891.724,914.678,890.578,906.092,1101933530,18600831000.0
2023-11-10,900.02,900.675,892.862,898.904,688274960,10509316500.0
2023-11-13,900.262,902.656,894.175,901.207,562829230,7981717700.0
2023-11-14,902.57,906.047,895.374,899.384,621483180,8436113900.0
2023-11-15,906.043,914.858,906.018,911.627,861611410,13122537800.0
2023-11-16,908.935,908.935,893.295,893.385,676150730,10085267200.0
2023-11-17,891.446,899.313,888.999,898.442,563384890,7084688200.0
2023-11-20,899.011,904.194,892.637,902.554,524195370,6968970300.0
2023-11-21,903.064,905.064,893.513,894.784,569390310,7500338400.0
2023-11-22,893.22,895.41,882.959,882.959,558443800,7370758000.0
2023-11-23,882.726,891.506,881.432,890.79,459174600,5941988500.0
2023-11-24,890.62,890.62,875.677,876.389,473920600,6206406900.0
2023-11-27,875.771,877.249,865.674,870.009,634413190,8224699900.0
2023-11-28,869.382,875.421,864.435,875.255,615769770,6994701800.0
2023-11-29,874.556,875.973,864.568,866.568,572604840,7561784500.0
2023-11-30,865.978,866.788,851.699,856.643,586608510,7147102300.0
2023-12-01,856.229,858.108,848.227,854.889,586092630,7392165100.0
2023-12-04,855.309,856.478,848.739,848.92,499930840,6164524000.0
2023-12-05,848.352,850.318,832.751,832.751,619212210,7527649500.0
2023-12-06,831.881,849.947,831.194,841.49,737172130,9244969000.0
2023-12-07,840.24,840.346,826.601,833.749,657799950,7623075200.0
2023-12-08,835.49,836.828,826.627,827.702,843577690,8453838300.0
2023-12-11,824.925,831.913,815.29,831.058,869697910,9049786100.0
2023-12-12,830.862,830.862,824.83,828.632,527473530,5777163500.0
2023-12-13,827.367,827.367,815.727,815.727,560513310,6579644600.0
2023-12-14,819.229,825.999,814.501,814.596,514756760,5838106800.0
2023-12-15,817.463,824.548,812.558,814.326,759802360,9630833500.0
2023-12-18,812.517,813.413,797.715,798.963,552203450,6400335700.0
2023-12-19,798.336,806.806,796.647,803.27,530630760,6419850900.0
2023-12-20,805.461,808.533,798.051,798.051,468897280,5246695300.0
2023-12-21,795.203,819.696,793.898,815.653,955903500,13847996000.0
2023-12-22,815.498,826.923,807.46,818.352,842416650,11918770000.0
2023-12-25,817.079,818.333,810.639,816.899,505674030,6753759900.0
2023-12-26,816.264,817.822,806.535,809.455,502840620,6559090800.0
2023-12-27,809.63,810.005,799.339,808.502,727030710,7525459100.0
2023-12-28,808.268,854.751,806.963,852.479,1409100600,21183749000.0
2023-12-29,856.836,862.204,853.161,861.478,1375356700,18178404000.0
2024-01-02,859.676,862.524,853.583,858.911,975216700,12144053200.0
2024-01-03,856.288,863.311,855.233,862.253,874401060,10883600400.0
2024-01-04,860.257,860.257,846.277,849.321,822361000,9935255200.0
2024-01-05,846.723,855.684,830.932,835.682,885105850,10346472500.0
2024-01-08,833.522,840.618,826.038,826.038,1026563390,10892319700.0
2024-01-09,827.443,847.829,821.824,833.483,1098816930,14956496000.0
2024-01-10,830.192,846.037,822.414,833.782,945136470,13093610500.0
2024-01-11,832.866,850.439,832.422,848.316,896302060,12559496100.0
2024-01-12,847.693,867.733,844.398,848.934,1055930450,14610345000.0
2024-01-15,843.814,848.217,836.413,842.423,781349860,10233304400.0
2024-01-16,841.097,863.925,836.107,854.083,1058994420,14472682000.0
2024-01-17,856.002,859.554,838.988,838.988,911913580,11546009600.0
2024-01-18,830.538,848.266,823.712,847.977,1689515000,25465050000.0
2024-01-19,851.83,858.57,835.633,837.501,1371780700,19852192000.0
2024-01-22,828.968,831.154,793.087,799.25,1451779500,18987778000.0
2024-01-23,793.103,809.783,779.059,806.785,1308419670,18282440000.0
2024-01-24,806.917,811.644,778.359,806.213,1270169440,17517213000.0
2024-01-25,802.131,821.197,793.665,821.197,1217774120,16284702000.0
2024-01-26,817.497,826.932,809.911,812.397,1034991330,13008137600.0
2024-01-29,807.074,807.367,772.19,772.19,1194895320,15633088000.0
2024-01-30,762.379,767.799,742.085,742.738,939617750,11171345600.0
2024-01-31,739.03,748.172,711.357,712.235,1018252830,12168792500.0
2024-02-01,710.183,729.766,707.605,714.944,1025077230,12132584600.0
2024-02-02,713.938,720.6,661.461,684.533,1188251490,13578838000.0
2024-02-05,677.473,677.473,622.699,642.654,1287570740,13054359300.0
2024-02-06,630.618,680.794,626.013,673.975,1268263240,13630340000.0
2024-02-07,675.481,693.153,667.602,674.826,1357577900,15221823000.0
2024-02-08,678.289,711.807,675.162,710.832,1282131380,13878305000.0
2024-02-19,716.391,728.579,713.256,723.018,1143819880,11463138400.0
2024-02-20,719.492,726.364,708.561,724.964,807389190,8779231200.0
2024-02-21,721.425,752.507,718.497,735.595,1239424010,13546843000.0
2024-02-22,733.538,748.354,731.535,744.516,865716500,10171463000.0
2024-02-23,748.167,758.071,742.826,757.316,961584000,11879768400.0
2024-02-26,757.764,776.445,754.094,765.496,940244460,11053425600.0
2024-02-27,761.819,778.98,757.38,778.98,908028130,10727826200.0
2024-02-28,781.994,804.289,748.791,748.791,1509756100,18931596000.0
2024-02-29,742.117,777.743,741.294,776.716,1399632100,15729938000.0
2024-03-01,780.587,788.175,775.699,787.454,1592636100,16828184000.0
2024-03-04,786.845,792.682,777.874,785.987,1353238900,16196130000.0
2024-03-05,782.23,782.23,768.226,770.243,1239476630,14071834000.0
2024-03-06,767.233,794.011,767.124,784.691,1322386360,17122461000.0
2024-03-07,784.797,789.066,773.055,773.055,1060069270,12883749200.0
2024-03-08,775.114,791.743,775.114,788.694,1174461160,16319695000.0
2024-03-11,794.773,808.649,794.773,808.649,1354953900,19330454000.0
2024-03-12,811.678,815.695,805.507,815.499,1314312630,17706957000.0
2024-03-13,813.657,815.642,805.693,809.653,893995080,12094950700.0
2024-03-14,807.293,813.387,794.022,802.727,880548180,11506919300.0
2024-03-15,800.854,820.367,796.588,819.924,933734560,11376834300.0
2024-03-18,822.21,835.844,821.107,835.844,1068408340,13267689600.0
2024-03-19,832.159,837.12,826.826,826.826,946504620,12400567300.0
2024-03-20,824.63,832.531,824.277,830.088,882283770,10776017500.0
2024-03-21,828.879,830.836,816.981,823.535,985262770,11537732800.0
2024-03-22,820.935,822.649,802.369,804.527,1019859170,12106234100.0
2024-03-25,800.277,808.927,787.724,787.724,759981290,8827500500.0
2024-03-26,788.018,796.64,776.655,794.615,776250880,9000152700.0
2024-03-27,792.655,794.264,768.324,768.324,867615170,9068809000.0
2024-03-28,767.846,785.325,767.846,777.021,820079970,8298037600.0
2024-03-29,776.023,783.981,773.236,781.418,586498490,6779173400.0
2024-04-01,785.269,806.575,785.269,806.575,1654314500,14408725000.0
2024-04-02,806.068,815.124,801.171,814.485,1427934200,13447392000.0
2024-04-03,810.95,815.234,805.319,808.318,1273883040,12101025200.0
2024-04-08,805.538,805.538,781.901,782.347,1073226910,11732089500.0
2024-04-09,782.617,806.695,782.617,806.695,1009137140,11296130800.0
2024-04-10,807.835,807.835,784.301,789.159,869732730,9704949500.0
2024-04-11,783.732,796.68,779.86,789.261,809531980,8777922800.0
2024-04-12,788.126,789.551,772.875,774.439,854195740,9098094100.0
2024-04-15,774.618,782.011,747.223,757.598,1002614180,10085280600.0
2024-04-16,752.052,752.081,717.052,717.876,946289240,9533416600.0
2024-04-17,722.769,751.635,722.769,751.635,909268130,8999999000.0
2024-04-18,749.734,754.271,739.384,745.862,876220610,9126097700.0
2024-04-19,739.979,747.702,733.698,741.229,867451270,10034774900.0
2024-04-22,739.134,743.135,727.499,730.07,904450020,10554588500.0
2024-04-23,729.178,733.392,719.135,722.008,914021790,9241382700.0
2024-04-24,722.671,728.368,716.516,728.368,807833970,8603506600.0
2024-04-25,726.035,741.15,723.22,734.014,847542560,9033954900.0
2024-04-26,729.976,745.232,726.958,745.232,1080865390,11327870800.0
2024-04-29,741.533,764.24,741.533,764.069,1342568400,13697490000.0
2024-04-30,761.102,762.093,748.053,752.154,1287667450,14218640000.0
2024-05-06,760.892,769.569,760.495,769.366,1245767460,12540601100.0
2024-05-07,769.348,778.417,765.681,778.262,1590754000,13809351000.0
2024-05-08,776.942,777.096,766.937,767.642,1013964440,9368795600.0
2024-05-09,768.996,788.849,768.996,783.902,1287783390,14205167000.0
2024-05-10,784.405,784.731,769.378,773.567,857717150,9450763800.0
2024-05-13,768.292,768.292,757.615,761.537,911191050,10280210200.0
2024-05-14,762.873,769.201,760.25,760.878,722315290,7493408700.0
2024-05-15,762.328,766.151,755.618,756.653,730859770,7530276600.0
2024-05-16,758.513,764.194,756.839,758.363,793231860,8129314100.0
2024-05-17,756.938,765.937,753.328,765.937,887938060,8931383300.0
2024-05-20,769.621,776.593,766.485,768.637,1103945030,9646989900.0
2024-05-21,770.612,770.612,758.304,760.849,764008020,7189955300.0
2024-05-22,764.591,794.278,764.591,792.554,1721186900,22191166000.0
2024-05-23,794.682,794.682,772.895,775.618,1620591400,20130947000.0
2024-05-24,775.899,784.628,770.639,771.014,1155979520,13551389000.0
2024-05-27,770.088,770.745,752.821,768.708,1060701800,11775612300.0
2024-05-28,765.722,768.754,757.029,758.284,1092670750,10530947700.0
2024-05-29,761.838,783.85,761.838,773.185,1623882000,20481529000.0
2024-05-30,777.219,796.387,776.667,779.676,1411472600,18005071000.0
2024-05-31,778.128,778.828,764.411,764.615,1181729030,13598871000.0
2024-06-03,760.685,760.685,741.148,746.889,1035219850,10765066600.0
2024-06-04,743.777,747.714,732.363,747.576,1071439170,10268813800.0
2024-06-05,743.663,743.663,731.045,731.13,853982250,8642954900.0
2024-06-06,734.298,739.694,702.704,706.615,1292860290,13725037000.0
2024-06-07,710.967,718.907,703.847,713.509,1057528950,10881089200.0
2024-06-11,710.79,717.871,699.937,716.929,700266530,6810764600.0
2024-06-12,715.806,722.582,715.76,721.566,686749680,6573129100.0
2024-06-13,722.753,724.425,711.986,712.664,756881780,7396128300.0
2024-06-14,711.28,719.15,704.813,716.913,815503000,8547559200.0
2024-06-17,712.093,715.686,708.581,712.601,844727710,8005663300.0
2024-06-18,711.055,721.02,709.367,718.494,838990480,7250114800.0
2024-06-19,718.457,718.662,705.892,707.713,752154530,7081484300.0
2024-06-20,706.992,708.758,692.178,692.988,963427110,8831815800.0
2024-06-21,693.17,699.017,689.681,689.93,821020030,8091549300.0
2024-06-24,683.844,683.844,664.521,665.369,816649750,7575724800.0
2024-06-25,665.157,670.229,657.804,663.097,786819570,7547994900.0
2024-06-26,660.893,680.221,655.338,680.221,750948110,6899567500.0
2024-06-27,677.391,677.857,663.387,663.963,620211510,5545020100.0
2024-06-28,663.391,673.824,661.352,663.089,741028030,6462639200.0
2024-07-01,663.47,670.977,657.801,669.753,604702690,5540497800.0
2024-07-02,668.478,671.136,663.015,664.912,732776200,5977527000.0
2024-07-03,665.02,666.251,657.945,660.445,605671590,5222355600.0
2024-07-04,662.006,662.546,640.059,641.728,789641970,6293835800.0
2024-07-05,641.255,649.34,635.34,647.524,604483060,5151975600.0
2024-07-08,644.749,649.88,634.27,636.064,869757200,6930221400.0
2024-07-09,636.018,650.562,630.113,650.075,1059002010,8586496200.0
2024-07-10,644.867,660.521,640.732,647.394,1240552610,11075758800.0
2024-07-11,652.598,670.021,652.598,668.888,1154629590,10649189700.0
2024-07-12,666.499,669.78,661.465,662.466,892659310,7695204700.0
2024-07-15,660.198,660.198,647.537,649.295,769546170,5983397900.0
2024-07-16,648.352,649.668,641.643,649.467,740158360,6205753800.0
2024-07-17,651.987,654.269,643.407,643.407,874464440,7676372500.0
2024-07-18,638.316,644.026,628.815,642.83,843704280,6815470100.0
2024-07-19,640.265,649.898,635.93,646.812,721106760,6466718500.0
2024-07-22,646.261,648.687,641.813,645.74,661886990,5705730800.0
2024-07-23,645.558,646.88,629.149,629.158,673334040,5392021200.0
2024-07-24,627.029,630.22,618.684,619.759,803364870,5723602600.0
2024-07-25,617.143,637.536,616.04,631.477,858587820,7392274500.0
2024-07-26,631.554,640.45,631.512,638.361,677063000,5450755500.0
2024-07-29,639.364,639.484,629.42,632.769,570076680,4588189000.0
2024-07-30,631.445,635.098,626.789,634.934,598943140,4628816000.0
2024-07-31,634.548,657.744,630.498,657.651,1003895180,8492136600.0
2024-08-01,657.703,663.579,650.355,653.827,656323730,5667970300.0
2024-08-02,649.662,656.141,643.736,644.386,594826670,4967098300.0
2024-08-05,641.882,653.898,631.955,631.955,898388230,7987527600.0
2024-08-06,639.549,655.907,639.549,654.14,884604830,8554439100.0
2024-08-07,655.979,659.941,649.345,657.511,673213890,6407446400.0
2024-08-08,653.122,659.655,648.096,655.713,681572450,6231247800.0
2024-08-09,656.911,658.768,645.641,645.641,637856890,5369982800.0
2024-08-12,649.086,650.622,641.502,643.075,550825560,4546472900.0
2024-08-13,641.658,650.845,635.351,649.536,562200690,4915872400.0
2024-08-14,649.529,654.313,642.087,642.229,507689550,4902070500.0
2024-08-15,640.073,655.962,636.622,651.917,846437050,7054804000.0
2024-08-16,652.563,655.146,643.782,645.28,632506360,5361207200.0
2024-08-19,643.485,645.295,637.018,637.735,559282170,4527199000.0
2024-08-20,637.775,638.613,626.764,628.087,522775300,4330612600.0
2024-08-21,625.678,631.571,623.522,624.417,512465690,3932758500.0
2024-08-22,625.092,626.357,611.19,611.793,564015600,4549895800.0
2024-08-23,610.571,615.048,605.909,606.818,494953440,3637339200.0
2024-08-26,607.101,621.606,607.101,617.605,587852720,4534271500.0
2024-08-27,614.68,616.062,604.301,610.762,787454660,6513480500.0
2024-08-28,607.458,616.178,605.228,612.934,576573140,4714589700.0
2024-08-29,610.591,630.604,610.127,627.518,912252870,7381266600.0
2024-08-30,626.121,644.868,624.337,636.018,977694060,8343729200.0
2024-09-02,634.573,639.147,625.361,625.361,765395010,6302294300.0
2024-09-03,625.198,635.791,622.733,634.08,661897280,5814647700.0
2024-09-04,630.571,640.147,630.52,632.461,641665690,5828583000.0
2024-09-05,631.998,640.729,631.998,635.334,587138620,5234444900.0
2024-09-06,634.627,635.418,621.581,621.651,443694030,3583202400.0
2024-09-09,617.859,625.174,616.735,618.819,478650530,3746794400.0
2024-09-10,619.809,620.774,608.152,616.242,520284550,4105865200.0
2024-09-11,613.758,623.693,613.34,618.052,576806340,4749819100.0
2024-09-12,618.655,632.871,618.305,618.947,782515820,6713163300.0
2024-09-13,619.752,621.807,608.576,608.831,582553320,4464057900.0
2024-09-18,608.362,609.24,594.797,601.521,494610120,3673873800.0
2024-09-19,604.494,621.362,601.361,615.394,665989420,5240593300.0
2024-09-20,615.168,615.231,603.319,607.764,684938900,5869056100.0
2024-09-23,607.528,610.35,603.711,604.694,464334300,3603396100.0
2024-09-24,607.473,633.283,607.473,633.283,1289141680,10933180300.0
2024-09-25,639.504,655.966,639.424,640.697,1405158400,11413409800.0
2024-09-26,639.329,665.362,639.005,665.362,1250285930,10867440100.0
2024-09-27,675.196,707.946,675.196,703.446,1675247400,15019641000.0
2024-09-30,734.442,782.639,721.112,777.822,2888150200,29620196000.0
2024-10-08,872.514,872.514,791.521,836.053,3807737000,40883005000.0
2024-10-09,812.164,812.444,752.962,752.962,2598039700,26480864000.0
2024-10-10,753.702,775.324,742.942,752.371,1628837600,16358440000.0
2024-10-11,751.019,751.019,721.271,729.081,1288426480,12463702400.0
2024-10-14,733.502,751.85,726.701,751.619,1322059860,13345654000.0
2024-10-15,745.419,754.807,735.29,735.29,1215242180,12190839700.0
2024-10-16,726.176,740.949,724.285,730.755,1135332330,10572129600.0
2024-10-17,733.982,737.362,717.372,718.155,1076847980,10137802200.0
2024-10-18,716.302,751.968,713.373,738.611,1569107400,14859393000.0
2024-10-21,745.019,768.139,744.5,756.12,2037993400,20811214000.0
2024-10-22,753.362,772.848,746.466,772.848,2096259600,22623513000.0
2024-10-23,771.522,808.508,769.009,799.386,3224155600,39165769000.0
2024-10-24,794.345,795.88,785.133,788.244,2209440400,28965175000.0
2024-10-25,788.991,840.377,788.991,838.417,2947352600,35486951000.0
2024-10-28,844.321,850.048,834.295,849.626,3067851100,41232621000.0
2024-10-29,859.046,870.817,829.65,829.736,2773646700,38409941000.0
2024-10-30,818.992,840.843,817.633,834.044,3578957100,32754188000.0
2024-10-31,846.966,861.929,845.53,855.027,4723763900,43337885000.0
2024-11-01,866.187,871.496,837.543,839.428,5837377800,47079782000.0
2024-11-04,841.698,855.164,837.595,854.432,3363159800,27992354000.0
2024-11-05,856.929,873.953,851.792,873.456,4043346200,36529989000.0
2024-11-06,874.772,888.659,864.11,868.774,3540611300,35199892000.0
2024-11-07,854.966,877.908,850.735,877.908,3259047800,30780161000.0
2024-11-08,883.941,890.784,876.668,883.388,3377292700,32123556000.0
2024-11-11,880.899,904.412,879.461,904.382,3123656000,30672009000.0
2024-11-12,906.377,914.026,886.107,894.758,2898336900,30951558000.0
2024-11-13,888.83,895.56,870.205,888.358,2044282200,20759834000.0
2024-11-14,889.301,891.486,856.789,857.69,1859623400,18875290000.0
2024-11-15,854.851,862.008,831.736,832.058,1944192500,19477961000.0
2024-11-18,839.439,845.449,819.741,823.994,1811836500,16967309000.0
2024-11-19,824.177,849.137,821.478,849.137,1639178900,15679501000.0
2024-11-20,847.189,866.706,846.389,864.871,1585761300,16562988000.0
2024-11-21,874.547,881.061,863.986,871.781,1935725400,20777897000.0
2024-11-22,864.703,865.103,828.077,828.331,1866189900,18178889000.0
2024-11-25,828.642,841.762,825.055,839.13,1411348200,12953950100.0
2024-11-26,840.966,850.318,828.707,829.876,1290876980,12535376000.0
2024-11-27,827.251,841.635,809.209,841.635,1396657200,12331701200.0
2024-11-28,841.708,855.791,841.127,847.109,1479826600,13741352000.0
2024-11-29,845.8,863.361,839.115,859.986,1770746700,15478427000.0
2024-12-02,855.132,879.254,850.431,879.254,1787326800,16407491000.0
2024-12-03,882.924,883.444,867.477,874.716,1545228300,15345662000.0
2024-12-04,872.633,872.944,848.152,851.365,1448249500,14557640000.0
2024-12-05,848.839,860.15,848.681,859.326,1166821540,10597427000.0
2024-12-06,858.949,865.15,846.224,863.734,1780423700,16280850000.0
2024-12-09,864.311,869.105,860.143,868.325,1665632000,13905729000.0
2024-12-10,891.732,892.935,870.505,871.673,2427167200,19739638000.0
2024-12-11,868.457,880.536,868.231,880.536,2067698100,15408605000.0
2024-12-12,880.316,884.747,874.183,884.108,1761933400,14309264000.0
2024-12-13,880.641,880.641,862.083,862.595,1897648700,16952469000.0
2024-12-16,861.647,865.009,850.044,854.211,1348052600,11996020000.0
2024-12-17,851.634,852.522,828.416,829.507,1391422500,11034764000.0
2024-12-18,830.938,835.589,822.731,828.723,1208220410,9192236700.0
2024-12-19,821.721,828.77,815.338,826.773,1510573500,11363123800.0
2024-12-20,826.855,834.204,824.931,827.415,1232318090,10366698600.0
2024-12-23,825.406,826.496,803.206,803.883,1906412000,14450425000.0
2024-12-24,805.369,822.572,805.369,819.61,1603279500,13270079500.0
2024-12-25,823.932,824.58,799.497,807.18,1623740100,11984473100.0
2024-12-26,804.532,817.572,804.532,812.929,1380098400,11926303400.0
2024-12-27,812.865,823.279,808.483,814.231,1336321140,11129516000.0
2024-12-30,813.425,813.703,801.443,805.73,1268747240,11039726100.0
2024-12-31,806.446,810.172,781.393,781.393,1271804980,10852576000.0
2025-01-02,780.601,789.955,760.593,766.634,1354598400,11103002000.0
2025-01-03,769.592,772.697,742.328,743.561,1235152170,9973709300.0
2025-01-06,741.804,754.351,730.702,747.374,1056996580,8849455700.0
2025-01-07,746.653,755.015,740.233,755.015,1221978460,8793297600.0
2025-01-08,752.716,754.583,731.744,748.855,1275510250,9919997600.0
2025-01-09,745.002,756.95,745.002,749.94,854835630,7098959200.0
2025-01-10,749.809,752.619,724.56,724.56,1000586070,7964924200.0
2025-01-13,719.526,730.164,711.474,726.361,774835160,6291010000.0
2025-01-14,730.18,755.155,727.87,754.922,1057656980,8930049700.0
2025-01-15,754.524,770.542,747.19,762.919,1294184760,12324469400.0
2025-01-16,763.18,778.52,760.12,768.872,1165553710,10356613800.0
2025-01-17,764.933,770.138,759.509,765.902,864703490,7892999300.0
2025-01-20,768.63,773.49,761.825,770.545,1094075520,8963949500.0
2025-01-21,774.635,775.215,758.025,761.799,1321018860,10503807100.0
2025-01-22,758.071,758.071,748.506,751.449,886705130,7627448900.0
2025-01-23,759.2,767.399,751.254,751.254,1094449700,9232545400.0
2025-01-24,749.971,763.179,748.04,762.007,1085883560,10175174700.0
2025-01-27,763.063,769.042,755.424,755.424,806290250,7308651500.0
2025-02-05,760.163,763.147,754.133,760.916,856129700,7749840500.0
2025-02-06,759.714,776.871,755.718,776.871,1070817150,9980613700.0
2025-02-07,778.748,804.219,778.06,798.254,1880560700,18904290000.0
2025-02-10,797.344,799.3,790.826,798.334,1459602300,14136227000.0
2025-02-11,798.892,798.892,785.206,795.064,1215152710,11690528900.0
2025-02-12,794.94,803.542,792.498,803.514,1297225720,11532644600.0
2025-02-13,802.608,804.02,794.182,794.182,1141807170,10098391800.0
2025-02-14,793.929,799.743,787.833,791.373,1087115970,9614376400.0
2025-02-17,790.35,799.123,789.645,798.675,1249599990,11840051100.0
2025-02-18,798.561,802.608,778.498,781.666,1619631400,13966082000.0
2025-02-19,780.077,794.345,780.077,794.24,1439407800,12745851600.0
2025-02-20,794.732,812.149,789.366,810.531,1324060010,13817507000.0
2025-02-21,810.41,816.86,804.812,814.842,1469473000,15020216000.0
2025-02-24,811.084,818.838,808.758,816.076,1321716520,13339724000.0
2025-02-25,808.242,819.592,805.809,815.249,1424145400,14685605000.0
2025-02-26,817.193,830.436,817.193,830.339,1733710800,18442221000.0
2025-02-27,829.356,829.386,810.146,821.513,1540548400,14608666000.0
2025-02-28,818.722,821.312,799.543,800.532,1195241990,11963459100.0
2025-03-03,802.661,823.176,802.661,812.789,1190056290,12512822900.0
2025-03-04,808.715,817.618,805.163,817.198,1362527200,12422276600.0
2025-03-05,818.295,818.677,802.702,810.789,1169640480,11451791400.0
2025-03-06,813.586,820.662,809.864,819.508,1191116880,12288783900.0
2025-03-07,816.003,819.815,808.591,812.443,1067057090,11764075500.0
2025-03-10,812.242,821.414,810.814,817.985,943964410,9972801600.0
2025-03-11,809.456,821.838,806.116,821.838,919452970,9748532700.0
2025-03-12,822.414,830.899,820.409,825.989,968749490,10491790500.0
2025-03-13,826.417,828.287,810.244,816.695,1084937050,10821803500.0
2025-03-14,816.206,826.306,811.082,826.306,1259206850,13565847000.0
2025-03-17,829.956,834.781,829.143,832.377,1048125750,10783263200.0
2025-03-18,834.331,836.052,830.266,835.303,983739700,10088615200.0
2025-03-19,833.628,835.95,827.094,830.804,925971170,9855601500.0
2025-03-20,829.79,833.575,827.186,828.521,902920380,8933913300.0
2025-03-21,825.839,831.523,815.894,817.911,1115203910,10509072700.0
2025-03-24,817.935,818.669,788.778,803.202,1008646650,9464706900.0
2025-03-25,802.961,812.671,800.439,809.959,928798590,9065503100.0
2025-03-26,807.82,828.24,807.538,824.077,1130890590,11043552400.0
2025-03-27,820.922,825.285,811.304,817.102,1072748570,10137245800.0
2025-03-28,813.064,816.464,802.033,802.885,1031308530,9017884000.0
2025-03-31,798.417,799.96,783.314,789.312,1187796660,11001867700.0
2025-04-01,793.402,804.781,793.402,800.962,826655850,8081572900.0
2025-04-02,798.014,802.541,794.063,795.936,954024640,7391175700.0
2025-04-03,785.698,797.831,783.47,789.434,988364690,7640025100.0
2025-04-07,747.004,749.495,693.675,698.63,1460769300,12324225500.0
2025-04-08,699.363,718.177,690.778,702.781,1518841100,11667420900.0
2025-04-09,693.973,717.936,664.096,714.561,1408872100,10630505600.0
2025-04-10,729.276,741.404,729.276,732.503,1452701100,10792736200.0
2025-04-11,729.549,748.159,729.065,741.93,1224848260,9022923100.0
2025-04-14,748.876,756.611,748.437,751.583,1184745140,9287381700.0
2025-04-15,753.931,756.106,748.32,754.155,774503950,6415881700.0
2025-04-16,753.667,754.448,737.813,748.176,874237160,7173066700.0
2025-04-17,743.603,755.056,743.014,748.516,829561960,6365493000.0
2025-04-18,745.995,747.227,735.977,740.634,600297980,4575648100.0
2025-04-21,739.797,750.25,737.866,749.553,618245970,4787367600.0
2025-04-22,749.795,753.009,745.365,750.569,772851440,5978847500.0
2025-04-23,752.361,755.227,747.845,750.124,752300810,6216895700.0
2025-04-24,749.557,750.995,739.704,743.815,677902080,5658114800.0
2025-04-25,744.057,749.012,740.407,744.433,708465910,5501176600.0
2025-04-28,743.835,743.89,734.07,736.484,723323820,5993368300.0
2025-04-29,731.875,742.37,731.875,738.494,1015290150,7407327600.0
2025-04-30,739.084,752.218,739.084,747.661,1029718070,7989104600.0
2025-05-06,751.136,769.075,750.999,769.075,1151837860,8646271900.0
2025-05-07,776.99,778.263,765.985,771.694,1086613040,8067026900.0
2025-05-08,768.999,780.676,768.055,777.681,1041597070,7497686900.0
2025-05-09,778.693,779.444,767.772,769.888,904436050,6438146200.0
2025-05-12,775.443,781.44,773.682,781.44,1068529510,8390920900.0
2025-05-13,789.607,808.454,787.376,799.405,1793623800,16902699000.0
2025-05-14,796.768,797.546,787.189,793.397,1448334100,11811478500.0
2025-05-15,794.269,794.269,785.808,787.808,1071677800,8222120200.0
2025-05-16,788.824,798.531,788.302,796.836,1072060630,8293554900.0
2025-05-19,797.619,802.789,789.093,801.702,1243624690,9275966900.0
2025-05-20,802.192,804.097,796.922,802.532,1134920440,8279644700.0
2025-05-21,800.127,804.027,796.95,798.55,907273340,7147980700.0
2025-05-22,796.313,801.0,786.809,787.335,964759490,6965514600.0
2025-05-23,785.929,795.928,783.976,783.976,1047915230,8700700900.0
2025-05-26,783.418,794.116,783.418,793.386,1085558450,8960149800.0
2025-05-27,793.285,793.321,783.331,792.315,940860530,8419338600.0
2025-05-28,791.992,793.107,780.676,782.363,747711910,6103001100.0
2025-05-29,782.505,793.434,782.332,793.25,824447040,6735988400.0
2025-05-30,791.639,791.639,776.345,777.577,904933960,7179312500.0
2025-06-03,774.588,777.518,773.027,776.142,775593670,5926122300.0
2025-06-04,777.212,785.346,777.212,785.186,835530020,6062280700.0
2025-06-05,785.972,786.1,779.3,784.033,808631270,5977806600.0
2025-06-06,785.652,791.826,783.878,789.512,789300960,6352039800.0
2025-06-09,790.19,799.337,789.957,799.308,1057672980,8753721300.0
2025-06-10,799.064,802.132,787.142,793.36,1003234540,8562978400.0
2025-06-11,794.3,802.806,794.3,799.69,1100770690,9753515400.0
2025-06-12,799.138,799.461,794.728,799.163,1081364550,8655410100.0
2025-06-13,795.456,795.938,780.824,781.538,1102517210,9381897400.0
2025-06-16,778.326,785.016,778.055,784.929,777476710,6797868600.0
2025-06-17,785.381,794.207,783.434,793.576,850679690,7614152600.0
2025-06-18,792.026,798.11,788.5,797.051,864054760,8451495900.0
2025-06-19,794.455,802.614,783.598,786.652,1019782540,10110224500.0
2025-06-20,788.53,804.19,788.297,789.205,1388005300,12820636000.0
2025-06-23,782.622,799.819,778.514,799.166,1176479310,10042729600.0
2025-06-24,800.058,812.114,799.493,812.083,1263837310,12473134800.0
2025-06-25,811.889,817.605,808.482,816.375,1318651020,13008590600.0
2025-06-26,816.546,823.756,810.917,811.283,1449577900,14050627000.0
2025-06-27,811.114,817.251,810.764,813.347,1284432180,12677622600.0
2025-06-30,820.511,830.29,820.129,830.106,1383135800,14590144000.0
2025-07-01,833.414,834.286,826.439,833.605,1272249420,12927085700.0
2025-07-02,837.332,870.013,837.332,868.52,2703502100,26883358000.0
2025-07-03,866.901,873.079,858.57,871.393,2404125500,23722228000.0
2025-07-04,876.653,879.889,857.893,862.21,2232424600,20590799000.0
2025-07-07,855.982,866.769,855.074,865.943,1716258800,14326547000.0
2025-07-08,866.003,906.645,864.276,900.779,2659201300,27506191000.0
2025-07-09,896.55,904.834,896.421,898.896,2289526500,24192654000.0
2025-07-10,899.746,939.618,899.746,929.354,2992161500,31487503000.0
2025-07-11,933.993,935.053,918.723,922.499,2711918400,26585090000.0
2025-07-14,920.027,932.487,915.785,932.132,2368081100,22456606000.0
2025-07-15,924.176,925.125,904.951,905.581,2807874900,23749713000.0
2025-07-16,900.228,900.803,888.433,894.517,2175218800,18359778000.0
2025-07-17,904.126,906.59,895.536,905.049,2742144300,23754380000.0
2025-07-18,902.478,912.768,899.378,901.518,2250287100,19635990000.0
2025-07-21,906.333,923.186,905.814,922.861,2684991100,24065700000.0
2025-07-22,921.16,946.465,916.843,945.352,3358296000,33366182000.0
2025-07-23,951.73,954.836,928.014,929.646,3339931100,34537617000.0
2025-07-24,921.015,941.777,920.953,941.777,2514529000,25686918000.0
2025-07-25,941.715,942.3,932.349,934.038,1986025200,20586370000.0
2025-07-28,927.928,930.575,918.471,927.349,1672369600,16650094000.0
2025-07-29,927.618,937.002,917.842,937.002,1909846400,18900346000.0
2025-07-30,935.988,939.921,922.456,929.219,1788418300,19424283000.0
2025-07-31,920.67,927.965,902.914,906.174,2064982700,21155428000.0
2025-08-01,904.947,924.199,904.947,914.551,1793931000,17326337000.0
2025-08-04,906.6,913.064,900.544,913.064,1434798600,13606630000.0
2025-08-05,915.217,921.594,913.358,921.366,1518399800,13142107000.0
2025-08-06,921.629,935.546,919.323,935.546,1396824800,13682759000.0
2025-08-07,936.001,940.104,928.979,933.418,1433384900,14687206000.0
2025-08-08,931.814,942.536,931.216,937.252,1450664800,14314270000.0
2025-08-11,940.275,953.155,937.15,953.042,1634813900,17709979000.0
2025-08-12,951.425,951.425,937.838,946.681,1518923100,15971734000.0
2025-08-13,946.321,949.786,943.017,947.506,1417672300,14737432000.0
2025-08-14,949.323,949.715,927.378,928.517,1743264800,18657442000.0
2025-08-15,927.531,958.27,927.531,957.388,2106208600,23672451000.0
2025-08-18,964.888,983.291,964.888,979.541,2369333700,26208362000.0
2025-08-19,980.1,985.382,974.556,978.168,1927299500,22004861000.0
2025-08-20,987.547,988.343,969.299,982.9,2324371800,24148025000.0
2025-08-21,978.763,988.639,974.419,984.856,2202099300,23191338000.0
2025-08-22,983.667,989.241,980.297,988.218,2279098300,22994734000.0
2025-08-25,995.415,1003.694,988.926,996.954,2642563300,30495818000.0
2025-08-26,995.276,1001.825,986.588,996.895,1988790600,22620897000.0
2025-08-27,995.409,1000.312,971.086,971.086,2605438500,26640319000.0
2025-08-28,968.901,979.221,947.733,977.7,2299419200,24386311000.0
2025-08-29,978.984,991.085,972.937,981.584,2284164400,25736514000.0
2025-09-01,982.014,991.83,975.237,991.83,2211727900,25314801000.0
2025-09-02,994.41,1005.532,980.952,988.564,2603981600,28080913000.0
2025-09-03,989.844,996.993,976.259,980.337,2486488000,27032231000.0
2025-09-04,977.566,1000.858,962.283,976.654,3183403000,37099808000.0
2025-09-05,980.356,1023.296,980.356,1023.084,3396128200,41171569000.0
2025-09-08,1029.964,1038.515,1020.234,1038.477,3042418100,38175848000.0
2025-09-09,1031.677,1043.397,1023.629,1031.123,2471228800,30627397000.0
2025-09-10,1023.093,1025.965,1004.039,1013.326,2100314100,26599068000.0
2025-09-11,1006.898,1020.066,1001.49,1020.066,1937833900,23100418000.0
2025-09-12,1017.403,1019.392,1005.223,1014.566,1950118400,22951830000.0
2025-09-15,1013.124,1020.295,1006.294,1008.037,2068778000,24096229000.0
2025-09-16,1010.681,1019.45,999.634,1014.063,2100820900,23050795000.0
2025-09-17,1011.711,1029.266,1006.845,1023.122,2353772200,27465960000.0
2025-09-18,1022.203,1023.994,990.672,1000.672,3445174400,33976409000.0
2025-09-19,1000.126,1007.79,992.455,997.168,2102223400,23270535000.0
2025-09-22,994.734,995.296,976.286,984.321,1716641500,18899497000.0
2025-09-23,982.291,983.361,949.398,966.762,2103392200,23074377000.0
2025-09-24,961.843,993.428,959.711,993.349,2419259800,26143035000.0
2025-09-25,990.805,1003.235,988.643,989.012,2385944200,26252230000.0
2025-09-26,983.735,990.031,979.246,979.246,1980379400,21083918000.0
2025-09-29,981.626,994.359,975.292,990.172,2026280000,21769191000.0
2025-09-30,991.561,999.886,989.52,993.81,2160404100,27770197000.0
2025-10-09,998.786,1011.156,995.386,1009.652,3012381700,34884263000.0
2025-10-10,1010.312,1016.361,999.711,1001.694,2557492700,31914815000.0
2025-10-13,962.068,1005.009,962.068,1002.4,2411813100,28697012000.0
2025-10-14,1010.652,1037.616,1006.659,1012.308,3879971100,50845567000.0
2025-10-15,1014.756,1029.68,1007.843,1028.897,3246626400,41536853000.0
2025-10-16,1027.542,1030.787,1015.737,1018.282,2486080600,34083340000.0
2025-10-17,1017.648,1030.778,990.829,991.8,2689281900,33857276000.0
2025-10-20,1002.624,1007.922,996.296,1002.808,2087873500,28031310000.0
2025-10-21,1004.848,1018.934,1002.54,1018.446,2188003900,28387498000.0
2025-10-22,1016.33,1019.421,1008.981,1011.475,1950293400,24836859000.0
2025-10-23,1005.926,1012.026,989.511,1011.514,2120134800,25127421000.0
2025-10-24,1012.641,1017.863,1007.828,1013.885,1872909000,23772757000.0
2025-10-27,1024.228,1035.321,1023.48,1031.138,2102152400,28168526000.0
2025-10-28,1033.19,1046.433,1032.317,1038.452,1943584500,29899994000.0
2025-10-29,1036.924,1063.893,1031.795,1063.768,3494402500,52913607000.0
2025-10-30,1063.103,1072.744,1057.835,1059.976,3424353900,51662508000.0
2025-10-31,1059.49,1079.725,1059.49,1071.793,2961804000,46128004000.0
2025-11-03,1076.395,1088.843,1066.214,1088.169,2994712100,46699831000.0
2025-11-04,1091.337,1095.146,1069.281,1075.049,2579766500,42532099000.0
2025-11-05,1060.593,1103.655,1060.593,1099.782,3189508300,50179196000.0
2025-11-06,1102.086,1114.954,1100.465,1110.065,3447937300,59978659000.0
2025-11-07,1104.302,1157.345,1104.302,1150.763,4633636500,80165189000.0
2025-11-10,1163.182,1188.773,1163.182,1177.565,5510502600,86323693000.0
2025-11-11,1177.811,1197.248,1177.811,1186.813,4164158600,69139295000.0
2025-11-12,1182.53,1182.819,1144.623,1161.589,4438523200,68707329000.0
2025-11-13,1167.954,1206.177,1167.954,1196.767,4265872300,69044513000.0
2025-11-14,1186.685,1213.524,1182.816,1191.468,4233261800,67953437000.0
2025-11-17,1196.175,1202.888,1177.511,1201.256,3573574500,55657269000.0
2025-11-18,1198.398,1210.847,1166.076,1172.138,3707437700,53246712000.0
2025-11-19,1160.662,1192.792,1151.152,1183.82,3742159500,56587811000.0
2025-11-20,1182.338,1189.688,1151.312,1152.301,3356777000,52910359000.0
2025-11-21,1127.136,1129.442,1074.874,1074.874,3866816100,52174269000.0
2025-11-24,1083.662,1085.733,1063.742,1074.443,2519681200,33357338000.0
2025-11-25,1081.807,1094.438,1076.336,1087.787,2364911200,35235141000.0
2025-11-26,1089.702,1094.133,1078.515,1079.577,2356369500,33539043000.0
2025-11-27,1080.498,1108.717,1080.498,1101.112,2427939400,36679162000.0
2025-11-28,1095.999,1113.064,1094.063,1111.651,2271272900,33572263000.0
2025-12-01,1114.734,1125.064,1110.877,1120.362,2753067700,37857717000.0
2025-12-02,1115.003,1115.383,1098.981,1105.497,2394761000,29688820000.0
2025-12-03,1105.963,1108.552,1089.0,1093.003,2573414300,29200187000.0
2025-12-04,1089.651,1091.963,1074.088,1077.801,2011447100,22842539000.0
2025-12-05,1078.735,1099.91,1075.448,1099.179,2724741800,28911155000.0
2025-12-08,1100.48,1110.872,1095.906,1106.249,2626396100,32570571000.0
2025-12-09,1102.138,1107.913,1094.78,1107.913,2630458400,32467121000.0
2025-12-10,1105.875,1105.875,1088.067,1101.549,2585906400,33057071000.0
2025-12-11,1103.527,1107.855,1094.25,1094.594,2707376100,39609968000.0
2025-12-12,1092.326,1099.106,1086.49,1092.689,3017096000,43191499000.0
2025-12-15,1090.54,1110.445,1090.54,1104.812,2610455100,34143922000.0
2025-12-16,1099.589,1099.589,1066.68,1069.897,2893362600,33281282000.0
2025-12-17,1071.042,1088.336,1062.481,1087.571,2619885700,31527822000.0
2025-12-18,1081.38,1097.334,1078.791,1082.89,2083926200,26119647000.0
2025-12-19,1086.434,1098.409,1086.434,1096.581,2136164600,26111164000.0
2025-12-22,1098.344,1107.555,1097.404,1103.934,1974536700,25798080000.0
2025-12-23,1104.068,1114.657,1097.979,1107.969,2175156200,32823849000.0
2025-12-24,1107.817,1129.536,1103.579,1129.414,2362968500,36702657000.0
2025-12-25,1128.673,1142.084,1125.793,1140.194,2302328800,34027731000.0
2025-12-26,1151.504,1162.423,1145.669,1153.088,3510778800,54242663000.0
2025-12-29,1154.567,1156.091,1143.819,1147.254,3209511600,44713697000.0
2025-12-30,1138.957,1147.514,1132.378,1137.254,2841959000,37001388000.0
2025-12-31,1138.713,1141.254,1124.021,1125.537,2167736000,28720475000.0
2026-01-05,1131.083,1147.052,1129.712,1147.052,2658900500,38452902000.0
2026-01-06,1152.169,1182.227,1151.506,1181.721,4454870700,53601882000.0
2026-01-07,1185.996,1194.325,1177.836,1191.122,4289150000,60436019000.0
2026-01-08,1194.559,1206.725,1192.076,1203.894,3885017600,56322174000.0
2026-01-09,1199.156,1210.533,1189.479,1200.045,4333996600,62643687000.0
2026-01-12,1203.343,1228.095,1202.878,1226.951,4723912000,73154501000.0
2026-01-13,1225.959,1225.959,1201.043,1204.423,4307805600,70871598000.0
