code,name,price,change,open,high,low,vol,timestamp
sh000001,上证指数,4116.3659,0.06,4116.3659,4116.3659,4116.3659,5599152.0,2026-01-20T09:29:28.268342
sz399006,创业板指,3340.456,0.09,3340.456,3340.456,3340.456,164296744.0,2026-01-20T09:29:28.268342
sh600519,贵州茅台,1379.5,0.25,1379.5,1379.5,1379.5,24000.0,2026-01-20T09:29:28.268342
sh000001,上证指数,4117.1774,0.08,4116.3659,4118.1183,4116.3659,12702815.0,2026-01-20T09:30:28.308301
sz399006,创业板指,3345.227,0.23,3340.456,3345.274,3340.456,575844583.0,2026-01-20T09:30:28.308301
sh600519,贵州茅台,1377.08,0.08,1379.5,1379.96,1377.08,49108.0,2026-01-20T09:30:28.308301
sh000001,上证指数,4121.1008,0.17,4116.3659,4121.1268,4116.3659,27806983.0,2026-01-20T09:31:28.366042
sz399006,创业板指,3345.44,0.23,3340.456,3347.944,3340.456,1156870696.0,2026-01-20T09:31:28.366042
sh600519,贵州茅台,1377.84,0.13,1379.5,1379.96,1377.0,82200.0,2026-01-20T09:31:28.366042
sh000001,上证指数,4121.7332,0.19,4116.3659,4123.4172,4116.3659,38180076.0,2026-01-20T09:32:28.416630
sz399006,创业板指,3343.367,0.17,3340.456,3347.944,3340.456,1620929195.0,2026-01-20T09:32:28.416630
sh600519,贵州茅台,1377.92,0.14,1379.5,1379.96,1377.0,102800.0,2026-01-20T09:32:28.416630
sh000001,上证指数,4103.5886,-0.25,4116.3659,4128.9304,4080.2938,517039302.0,2026-01-20T13:21:09.608556
sz399006,创业板指,3270.445,-2.01,3340.456,3347.944,3262.678,19036964775.0,2026-01-20T13:21:09.608556
sh600519,贵州茅台,1376.27,0.02,1379.5,1381.58,1372.05,2368170.0,2026-01-20T13:21:09.608556
sh000001,上证指数,4103.137,-0.26,4116.3659,4128.9304,4080.2938,519044276.0,2026-01-20T13:22:09.665072
sz399006,创业板指,3270.066,-2.02,3340.456,3347.944,3262.678,19115635497.0,2026-01-20T13:22:09.665072
sh600519,贵州茅台,1377.25,0.09,1379.5,1381.58,1372.05,2377670.0,2026-01-20T13:22:09.665072
sh000001,上证指数,4107.2997,-0.16,4116.3659,4128.9304,4080.2938,523514582.0,2026-01-20T13:24:15.027892
sz399006,创业板指,3273.468,-1.92,3340.456,3347.944,3262.678,19246094067.0,2026-01-20T13:24:15.027892
sh600519,贵州茅台,1376.5,0.04,1379.5,1381.58,1372.05,2392370.0,2026-01-20T13:24:15.027892
sh000001,上证指数,4104.1242,-0.24,4116.3659,4128.9304,4080.2938,525426677.0,2026-01-20T13:25:15.074609
sz399006,创业板指,3270.271,-2.02,3340.456,3347.944,3262.678,19307761760.0,2026-01-20T13:25:15.074609
sh600519,贵州茅台,1375.6,-0.03,1379.5,1381.58,1372.05,2437385.0,2026-01-20T13:25:15.074609
sh000001,上证指数,4106.0913,-0.19,4116.3659,4128.9304,4080.2938,527380564.0,2026-01-20T13:26:15.113894
sz399006,创业板指,3276.48,-1.83,3340.456,3347.944,3262.678,19379440993.0,2026-01-20T13:26:15.113894
sh600519,贵州茅台,1375.57,-0.03,1379.5,1381.58,1372.05,2451085.0,2026-01-20T13:26:15.113894
sh000001,上证指数,4108.4361,-0.14,4116.3659,4128.9304,4080.2938,529642231.0,2026-01-20T13:27:15.213180
sz399006,创业板指,3280.473,-1.71,3340.456,3347.944,3262.678,19440666654.0,2026-01-20T13:27:15.213180
sh600519,贵州茅台,1375.15,-0.06,1379.5,1381.58,1372.05,2468685.0,2026-01-20T13:27:15.213180
sh000001,上证指数,4110.1511,-0.09,4116.3659,4128.9304,4080.2938,532388269.0,2026-01-20T13:28:46.756213
sz399006,创业板指,3285.232,-1.57,3340.456,3347.944,3262.678,19521431727.0,2026-01-20T13:28:46.756213
sh600519,贵州茅台,1375.57,-0.03,1379.5,1381.58,1372.05,2489585.0,2026-01-20T13:28:46.756213
sh000001,上证指数,4107.1778,-0.17,4116.3659,4128.9304,4080.2938,534378858.0,2026-01-20T13:29:46.798777
sz399006,创业板指,3282.728,-1.64,3340.456,3347.944,3262.678,19577078318.0,2026-01-20T13:29:46.798777
sh600519,贵州茅台,1375.06,-0.07,1379.5,1381.58,1372.05,2505385.0,2026-01-20T13:29:46.798777
sh000001,上证指数,4106.6551,-0.18,4116.3659,4128.9304,4080.2938,536347246.0,2026-01-20T13:30:46.848097
sz399006,创业板指,3281.357,-1.69,3340.456,3347.944,3262.678,19630894192.0,2026-01-20T13:30:46.848097
sh600519,贵州茅台,1375.07,-0.07,1379.5,1381.58,1372.05,2515385.0,2026-01-20T13:30:46.848097
sh000001,上证指数,4105.644,-0.2,4116.3659,4128.9304,4080.2938,538286637.0,2026-01-20T13:31:46.891139
sz399006,创业板指,3277.686,-1.8,3340.456,3347.944,3262.678,19688633555.0,2026-01-20T13:31:46.891139
sh600519,贵州茅台,1375.87,-0.01,1379.5,1381.58,1372.05,2527985.0,2026-01-20T13:31:46.891139
sh000001,上证指数,4104.8982,-0.22,4116.3659,4128.9304,4080.2938,540036510.0,2026-01-20T13:32:46.937597
sz399006,创业板指,3276.603,-1.83,3340.456,3347.944,3262.678,19749322258.0,2026-01-20T13:32:46.937597
sh600519,贵州茅台,1375.27,-0.05,1379.5,1381.58,1372.05,2536985.0,2026-01-20T13:32:46.937597
sh000001,上证指数,4103.1319,-0.26,4116.3659,4128.9304,4080.2938,541865281.0,2026-01-20T13:33:47.031039
sz399006,创业板指,3275.472,-1.86,3340.456,3347.944,3262.678,19809914772.0,2026-01-20T13:33:47.031039
sh600519,贵州茅台,1375.26,-0.05,1379.5,1381.58,1372.05,2545085.0,2026-01-20T13:33:47.031039
sh000001,上证指数,4106.2546,-0.19,4116.3659,4128.9304,4080.2938,543806554.0,2026-01-20T13:34:47.079602
sz399006,创业板指,3280.962,-1.7,3340.456,3347.944,3262.678,19867350544.0,2026-01-20T13:34:47.079602
sh600519,贵州茅台,1376.38,0.03,1379.5,1381.58,1372.05,2552785.0,2026-01-20T13:34:47.079602
sh000001,上证指数,4104.7293,-0.23,4116.3659,4128.9304,4080.2938,545575592.0,2026-01-20T13:35:47.119368
sz399006,创业板指,3278.241,-1.78,3340.456,3347.944,3262.678,19926955187.0,2026-01-20T13:35:47.119368
sh600519,贵州茅台,1375.26,-0.05,1379.5,1381.58,1372.05,2566685.0,2026-01-20T13:35:47.119368
sh000001,上证指数,4104.5612,-0.23,4116.3659,4128.9304,4080.2938,547154789.0,2026-01-20T13:36:47.166335
sz399006,创业板指,3276.63,-1.83,3340.456,3347.944,3262.678,19980728982.0,2026-01-20T13:36:47.166335
sh600519,贵州茅台,1375.69,-0.02,1379.5,1381.58,1372.05,2577485.0,2026-01-20T13:36:47.166335
sh000001,上证指数,4103.7683,-0.25,4116.3659,4128.9304,4080.2938,548735995.0,2026-01-20T13:37:47.203373
sz399006,创业板指,3274.874,-1.88,3340.456,3347.944,3262.678,20032545589.0,2026-01-20T13:37:47.203373
sh600519,贵州茅台,1376.31,0.02,1379.5,1381.58,1372.05,2583085.0,2026-01-20T13:37:47.203373
sh000001,上证指数,4104.053,-0.24,4116.3659,4128.9304,4080.2938,550227684.0,2026-01-20T13:38:47.240394
sz399006,创业板指,3274.184,-1.9,3340.456,3347.944,3262.678,20082969661.0,2026-01-20T13:38:47.240394
sh600519,贵州茅台,1376.52,0.04,1379.5,1381.58,1372.05,2591985.0,2026-01-20T13:38:47.240394
sh000001,上证指数,4106.9447,-0.17,4116.3659,4128.9304,4080.2938,551769946.0,2026-01-20T13:39:47.312697
sz399006,创业板指,3274.484,-1.89,3340.456,3347.944,3262.678,20140507452.0,2026-01-20T13:39:47.312697
sh600519,贵州茅台,1376.36,0.03,1379.5,1381.58,1372.05,2596285.0,2026-01-20T13:39:47.312697
sh000001,上证指数,4108.2929,-0.14,4116.3659,4128.9304,4080.2938,554621350.0,2026-01-20T13:40:47.395855
sz399006,创业板指,3275.077,-1.87,3340.456,3347.944,3262.678,20205190876.0,2026-01-20T13:40:47.395855
sh600519,贵州茅台,1375.7,-0.02,1379.5,1381.58,1372.05,2608185.0,2026-01-20T13:40:47.395855
sh000001,上证指数,4109.9304,-0.1,4116.3659,4128.9304,4080.2938,556841156.0,2026-01-20T13:41:47.431156
sz399006,创业板指,3277.226,-1.81,3340.456,3347.944,3262.678,20266581390.0,2026-01-20T13:41:47.431156
sh600519,贵州茅台,1375.66,-0.02,1379.5,1381.58,1372.05,2615385.0,2026-01-20T13:41:47.431156
sh000001,上证指数,4110.8251,-0.08,4116.3659,4128.9304,4080.2938,558612572.0,2026-01-20T13:42:47.514872
sz399006,创业板指,3279.646,-1.74,3340.456,3347.944,3262.678,20315844411.0,2026-01-20T13:42:47.514872
sh600519,贵州茅台,1375.51,-0.04,1379.5,1381.58,1372.05,2622885.0,2026-01-20T13:42:47.514872
sh000001,上证指数,4110.579,-0.08,4116.3659,4128.9304,4080.2938,560221081.0,2026-01-20T13:43:47.549768
sz399006,创业板指,3278.613,-1.77,3340.456,3347.944,3262.678,20366095934.0,2026-01-20T13:43:47.549768
sh600519,贵州茅台,1375.27,-0.05,1379.5,1381.58,1372.05,2633085.0,2026-01-20T13:43:47.549768
sh000001,上证指数,4109.7288,-0.1,4116.3659,4128.9304,4080.2938,561762331.0,2026-01-20T13:44:47.588251
sz399006,创业板指,3276.94,-1.82,3340.456,3347.944,3262.678,20408868366.0,2026-01-20T13:44:47.588251
sh600519,贵州茅台,1375.43,-0.04,1379.5,1381.58,1372.05,2640685.0,2026-01-20T13:44:47.588251
sh000001,上证指数,4110.2365,-0.09,4116.3659,4128.9304,4080.2938,563708383.0,2026-01-20T13:45:47.622213
sz399006,创业板指,3277.825,-1.79,3340.456,3347.944,3262.678,20460830784.0,2026-01-20T13:45:47.622213
sh600519,贵州茅台,1375.05,-0.07,1379.5,1381.58,1372.05,2656585.0,2026-01-20T13:45:47.622213
sh000001,上证指数,4108.7488,-0.13,4116.3659,4128.9304,4080.2938,565434035.0,2026-01-20T13:46:47.662289
sz399006,创业板指,3276.23,-1.84,3340.456,3347.944,3262.678,20508334807.0,2026-01-20T13:46:47.662289
sh600519,贵州茅台,1375.0,-0.07,1379.5,1381.58,1372.05,2671485.0,2026-01-20T13:46:47.662289
sh000001,上证指数,4110.3483,-0.09,4116.3659,4128.9304,4080.2938,567267911.0,2026-01-20T13:47:47.700013
sz399006,创业板指,3279.317,-1.75,3340.456,3347.944,3262.678,20556244603.0,2026-01-20T13:47:47.700013
sh600519,贵州茅台,1375.05,-0.07,1379.5,1381.58,1372.05,2702185.0,2026-01-20T13:47:47.700013
sh000001,上证指数,4111.9155,-0.05,4116.3659,4128.9304,4080.2938,568971732.0,2026-01-20T13:48:47.753024
sz399006,创业板指,3282.083,-1.66,3340.456,3347.944,3262.678,20605837648.0,2026-01-20T13:48:47.753024
sh600519,贵州茅台,1375.07,-0.07,1379.5,1381.58,1372.05,2708785.0,2026-01-20T13:48:47.753024
sh000001,上证指数,4115.7783,0.04,4116.3659,4128.9304,4080.2938,571324548.0,2026-01-20T13:49:47.793132
sz399006,创业板指,3286.979,-1.52,3340.456,3347.944,3262.678,20661985208.0,2026-01-20T13:49:47.793132
sh600519,贵州茅台,1376.67,0.05,1379.5,1381.58,1372.05,2713385.0,2026-01-20T13:49:47.793132
sh000001,上证指数,4117.8575,0.09,4116.3659,4128.9304,4080.2938,574395174.0,2026-01-20T13:50:47.832235
sz399006,创业板指,3289.002,-1.46,3340.456,3347.944,3262.678,20737274858.0,2026-01-20T13:50:47.832235
sh600519,贵州茅台,1376.89,0.06,1379.5,1381.58,1372.05,2721185.0,2026-01-20T13:50:47.832235
sh000001,上证指数,4112.888,-0.03,4116.3659,4128.9304,4080.2938,576959578.0,2026-01-20T13:51:47.869865
sz399006,创业板指,3285.331,-1.57,3340.456,3347.944,3262.678,20801185164.0,2026-01-20T13:51:47.869865
sh600519,贵州茅台,1375.0,-0.07,1379.5,1381.58,1372.05,2742885.0,2026-01-20T13:51:47.869865
sh000001,上证指数,4110.839,-0.08,4116.3659,4128.9304,4080.2938,579236989.0,2026-01-20T13:52:47.907020
sz399006,创业板指,3280.885,-1.7,3340.456,3347.944,3262.678,20864788948.0,2026-01-20T13:52:47.907020
sh600519,贵州茅台,1375.02,-0.07,1379.5,1381.58,1372.05,2767385.0,2026-01-20T13:52:47.907020
sh000001,上证指数,4112.0925,-0.05,4116.3659,4128.9304,4080.2938,581827308.0,2026-01-20T13:53:47.946523
sz399006,创业板指,3283.14,-1.63,3340.456,3347.944,3262.678,20908451709.0,2026-01-20T13:53:47.946523
sh600519,贵州茅台,1375.02,-0.07,1379.5,1381.58,1372.05,2773585.0,2026-01-20T13:53:47.946523
sh000001,上证指数,4110.6428,-0.08,4116.3659,4128.9304,4080.2938,583746537.0,2026-01-20T13:54:47.981926
sz399006,创业板指,3280.975,-1.7,3340.456,3347.944,3262.678,20952921132.0,2026-01-20T13:54:47.981926
sh600519,贵州茅台,1375.05,-0.07,1379.5,1381.58,1372.05,2784185.0,2026-01-20T13:54:47.981926
sh000001,上证指数,4109.095,-0.12,4116.3659,4128.9304,4080.2938,585583634.0,2026-01-20T13:55:48.019828
sz399006,创业板指,3279.451,-1.74,3340.456,3347.944,3262.678,20995666380.0,2026-01-20T13:55:48.019828
sh600519,贵州茅台,1375.0,-0.07,1379.5,1381.58,1372.05,2814405.0,2026-01-20T13:55:48.019828
sh000001,上证指数,4107.2607,-0.16,4116.3659,4128.9304,4080.2938,587285239.0,2026-01-20T13:56:48.054809
sz399006,创业板指,3277.011,-1.82,3340.456,3347.944,3262.678,21039978981.0,2026-01-20T13:56:48.054809
sh600519,贵州茅台,1374.5,-0.11,1379.5,1381.58,1372.05,2832485.0,2026-01-20T13:56:48.054809
sh000001,上证指数,4107.8418,-0.15,4116.3659,4128.9304,4080.2938,588936736.0,2026-01-20T13:57:48.093625
sz399006,创业板指,3276.925,-1.82,3340.456,3347.944,3262.678,21084798542.0,2026-01-20T13:57:48.093625
sh600519,贵州茅台,1374.81,-0.09,1379.5,1381.58,1372.05,2842585.0,2026-01-20T13:57:48.093625
sh000001,上证指数,4105.5462,-0.21,4116.3659,4128.9304,4080.2938,590733868.0,2026-01-20T13:58:48.138170
sz399006,创业板指,3274.524,-1.89,3340.456,3347.944,3262.678,21141313592.0,2026-01-20T13:58:48.138170
sh600519,贵州茅台,1374.06,-0.14,1379.5,1381.58,1372.05,2858485.0,2026-01-20T13:58:48.138170
sh000001,上证指数,4104.939,-0.22,4116.3659,4128.9304,4080.2938,592687637.0,2026-01-20T13:59:48.194563
sz399006,创业板指,3273.307,-1.93,3340.456,3347.944,3262.678,21201296383.0,2026-01-20T13:59:48.194563
sh600519,贵州茅台,1374.08,-0.14,1379.5,1381.58,1372.05,2881085.0,2026-01-20T13:59:48.194563
sh000001,上证指数,4105.4125,-0.21,4116.3659,4128.9304,4080.2938,595334684.0,2026-01-20T14:00:48.239588
sz399006,创业板指,3273.284,-1.93,3340.456,3347.944,3262.678,21293639036.0,2026-01-20T14:00:48.239588
sh600519,贵州茅台,1374.2,-0.13,1379.5,1381.58,1372.05,2889285.0,2026-01-20T14:00:48.239588
sh000001,上证指数,4105.761,-0.2,4116.3659,4128.9304,4080.2938,597774791.0,2026-01-20T14:01:48.276458
sz399006,创业板指,3272.705,-1.94,3340.456,3347.944,3262.678,21370426986.0,2026-01-20T14:01:48.276458
sh600519,贵州茅台,1375.0,-0.07,1379.5,1381.58,1372.05,2894885.0,2026-01-20T14:01:48.276458
sh000001,上证指数,4104.6713,-0.23,4116.3659,4128.9304,4080.2938,600227270.0,2026-01-20T14:02:48.335406
sz399006,创业板指,3270.597,-2.01,3340.456,3347.944,3262.678,21439353739.0,2026-01-20T14:02:48.335406
sh600519,贵州茅台,1374.74,-0.09,1379.5,1381.58,1372.05,2903485.0,2026-01-20T14:02:48.335406
sh000001,上证指数,4104.7762,-0.22,4116.3659,4128.9304,4080.2938,601947054.0,2026-01-20T14:03:48.370218
sz399006,创业板指,3271.608,-1.98,3340.456,3347.944,3262.678,21494309117.0,2026-01-20T14:03:48.370218
sh600519,贵州茅台,1375.07,-0.07,1379.5,1381.58,1372.05,2912285.0,2026-01-20T14:03:48.370218
sh000001,上证指数,4103.3417,-0.26,4116.3659,4128.9304,4080.2938,604038127.0,2026-01-20T14:04:48.410862
sz399006,创业板指,3269.362,-2.04,3340.456,3347.944,3262.678,21561485019.0,2026-01-20T14:04:48.410862
sh600519,贵州茅台,1374.54,-0.11,1379.5,1381.58,1372.05,2922285.0,2026-01-20T14:04:48.410862
sh000001,上证指数,4106.4104,-0.18,4116.3659,4128.9304,4080.2938,605977341.0,2026-01-20T14:05:48.445360
sz399006,创业板指,3271.114,-1.99,3340.456,3347.944,3262.678,21629325182.0,2026-01-20T14:05:48.445360
sh600519,贵州茅台,1375.03,-0.07,1379.5,1381.58,1372.05,2931085.0,2026-01-20T14:05:48.445360
sh000001,上证指数,4106.6315,-0.18,4116.3659,4128.9304,4080.2938,608789288.0,2026-01-20T14:06:48.485071
sz399006,创业板指,3270.802,-2.0,3340.456,3347.944,3262.678,21686617116.0,2026-01-20T14:06:48.485071
sh600519,贵州茅台,1374.97,-0.07,1379.5,1381.58,1372.05,2939685.0,2026-01-20T14:06:48.485071
sh000001,上证指数,4106.4418,-0.18,4116.3659,4128.9304,4080.2938,610771310.0,2026-01-20T14:07:48.520666
sz399006,创业板指,3269.0,-2.06,3340.456,3347.944,3262.678,21739156817.0,2026-01-20T14:07:48.520666
sh600519,贵州茅台,1374.84,-0.08,1379.5,1381.58,1372.05,2946885.0,2026-01-20T14:07:48.520666
sh000001,上证指数,4105.1683,-0.21,4116.3659,4128.9304,4080.2938,612571576.0,2026-01-20T14:08:48.559960
sz399006,创业板指,3267.315,-2.11,3340.456,3347.944,3262.678,21796029251.0,2026-01-20T14:08:48.559960
sh600519,贵州茅台,1374.57,-0.1,1379.5,1381.58,1372.05,2954585.0,2026-01-20T14:08:48.559960
sh000001,上证指数,4105.9001,-0.2,4116.3659,4128.9304,4080.2938,614395809.0,2026-01-20T14:09:48.597512
sz399006,创业板指,3267.513,-2.1,3340.456,3347.944,3262.678,21853273619.0,2026-01-20T14:09:48.597512
sh600519,贵州茅台,1374.57,-0.1,1379.5,1381.58,1372.05,2963085.0,2026-01-20T14:09:48.597512
sh000001,上证指数,4105.4167,-0.21,4116.3659,4128.9304,4080.2938,616573887.0,2026-01-20T14:10:48.635286
sz399006,创业板指,3266.262,-2.14,3340.456,3347.944,3262.678,21914533905.0,2026-01-20T14:10:48.635286
sh600519,贵州茅台,1374.56,-0.1,1379.5,1381.58,1372.05,2972985.0,2026-01-20T14:10:48.635286
sh000001,上证指数,4107.4108,-0.16,4116.3659,4128.9304,4080.2938,619120622.0,2026-01-20T14:11:48.739933
sz399006,创业板指,3268.348,-2.08,3340.456,3347.944,3262.678,21979189829.0,2026-01-20T14:11:48.739933
sh600519,贵州茅台,1374.92,-0.08,1379.5,1381.58,1372.05,2978485.0,2026-01-20T14:11:48.739933
sh000001,上证指数,4106.8193,-0.17,4116.3659,4128.9304,4080.2938,621069501.0,2026-01-20T14:12:48.791527
sz399006,创业板指,3266.15,-2.14,3340.456,3347.944,3262.678,22042339755.0,2026-01-20T14:12:48.791527
sh600519,贵州茅台,1374.98,-0.07,1379.5,1381.58,1372.05,2985885.0,2026-01-20T14:12:48.791527
sh000001,上证指数,4107.3432,-0.16,4116.3659,4128.9304,4080.2938,623616610.0,2026-01-20T14:13:48.840376
sz399006,创业板指,3267.868,-2.09,3340.456,3347.944,3262.678,22094504476.0,2026-01-20T14:13:48.840376
sh600519,贵州茅台,1374.76,-0.09,1379.5,1381.58,1372.05,2992985.0,2026-01-20T14:13:48.840376
sh000001,上证指数,4108.5113,-0.13,4116.3659,4128.9304,4080.2938,625567270.0,2026-01-20T14:14:48.877161
sz399006,创业板指,3267.825,-2.09,3340.456,3347.944,3262.678,22142510589.0,2026-01-20T14:14:48.877161
sh600519,贵州茅台,1375.38,-0.05,1379.5,1381.58,1372.05,3000785.0,2026-01-20T14:14:48.877161
sh000001,上证指数,4108.0147,-0.15,4116.3659,4128.9304,4080.2938,627565566.0,2026-01-20T14:15:48.912731
sz399006,创业板指,3268.554,-2.07,3340.456,3347.944,3262.678,22206716960.0,2026-01-20T14:15:48.912731
sh600519,贵州茅台,1375.0,-0.07,1379.5,1381.58,1372.05,3006985.0,2026-01-20T14:15:48.912731
sh000001,上证指数,4105.4206,-0.21,4116.3659,4128.9304,4080.2938,629814227.0,2026-01-20T14:16:48.951835
sz399006,创业板指,3265.84,-2.15,3340.456,3347.944,3262.678,22267808658.0,2026-01-20T14:16:48.951835
sh600519,贵州茅台,1374.96,-0.08,1379.5,1381.58,1372.05,3022185.0,2026-01-20T14:16:48.951835
sh000001,上证指数,4102.9122,-0.27,4116.3659,4128.9304,4080.2938,632233475.0,2026-01-20T14:17:48.988977
sz399006,创业板指,3261.984,-2.27,3340.456,3347.944,3261.984,22349347986.0,2026-01-20T14:17:48.988977
sh600519,贵州茅台,1374.7,-0.09,1379.5,1381.58,1372.05,3034985.0,2026-01-20T14:17:48.988977
sh000001,上证指数,4102.5701,-0.28,4116.3659,4128.9304,4080.2938,634121878.0,2026-01-20T14:18:49.028697
sz399006,创业板指,3261.387,-2.28,3340.456,3347.944,3260.646,22429782967.0,2026-01-20T14:18:49.028697
sh600519,贵州茅台,1374.6,-0.1,1379.5,1381.58,1372.05,3042485.0,2026-01-20T14:18:49.028697
sh000001,上证指数,4103.2546,-0.26,4116.3659,4128.9304,4080.2938,635945628.0,2026-01-20T14:19:49.066719
sz399006,创业板指,3261.876,-2.27,3340.456,3347.944,3260.646,22493699600.0,2026-01-20T14:19:49.066719
sh600519,贵州茅台,1374.3,-0.12,1379.5,1381.58,1372.05,3056885.0,2026-01-20T14:19:49.066719
sh000001,上证指数,4104.5825,-0.23,4116.3659,4128.9304,4080.2938,637721931.0,2026-01-20T14:20:49.110374
sz399006,创业板指,3264.855,-2.18,3340.456,3347.944,3260.646,22556655890.0,2026-01-20T14:20:49.110374
sh600519,贵州茅台,1374.48,-0.11,1379.5,1381.58,1372.05,3061485.0,2026-01-20T14:20:49.110374
sh000001,上证指数,4106.2927,-0.19,4116.3659,4128.9304,4080.2938,639317821.0,2026-01-20T14:21:49.153594
sz399006,创业板指,3266.528,-2.13,3340.456,3347.944,3260.646,22605732260.0,2026-01-20T14:21:49.153594
sh600519,贵州茅台,1374.48,-0.11,1379.5,1381.58,1372.05,3066185.0,2026-01-20T14:21:49.153594
sh000001,上证指数,4104.6361,-0.23,4116.3659,4128.9304,4080.2938,640864444.0,2026-01-20T14:22:49.192412
sz399006,创业板指,3263.474,-2.22,3340.456,3347.944,3260.646,22662986270.0,2026-01-20T14:22:49.192412
sh600519,贵州茅台,1374.31,-0.12,1379.5,1381.58,1372.05,3077385.0,2026-01-20T14:22:49.192412
sh000001,上证指数,4105.5734,-0.2,4116.3659,4128.9304,4080.2938,642395541.0,2026-01-20T14:23:49.245439
sz399006,创业板指,3263.583,-2.22,3340.456,3347.944,3260.646,22711305516.0,2026-01-20T14:23:49.245439
sh600519,贵州茅台,1374.4,-0.12,1379.5,1381.58,1372.05,3086385.0,2026-01-20T14:23:49.245439
sh000001,上证指数,4104.9643,-0.22,4116.3659,4128.9304,4080.2938,644157062.0,2026-01-20T14:24:49.283014
sz399006,创业板指,3263.849,-2.21,3340.456,3347.944,3260.646,22764045613.0,2026-01-20T14:24:49.283014
sh600519,贵州茅台,1375.14,-0.06,1379.5,1381.58,1372.05,3098385.0,2026-01-20T14:24:49.283014
sh000001,上证指数,4104.8136,-0.22,4116.3659,4128.9304,4080.2938,645777110.0,2026-01-20T14:25:49.320785
sz399006,创业板指,3263.2,-2.23,3340.456,3347.944,3260.646,22815199256.0,2026-01-20T14:25:49.320785
sh600519,贵州茅台,1375.0,-0.07,1379.5,1381.58,1372.05,3105585.0,2026-01-20T14:25:49.320785
sh000001,上证指数,4103.316,-0.26,4116.3659,4128.9304,4080.2938,647666324.0,2026-01-20T14:26:49.358583
sz399006,创业板指,3261.591,-2.28,3340.456,3347.944,3260.646,22890456134.0,2026-01-20T14:26:49.358583
sh600519,贵州茅台,1375.11,-0.06,1379.5,1381.58,1372.05,3111485.0,2026-01-20T14:26:49.358583
sh000001,上证指数,4103.6372,-0.25,4116.3659,4128.9304,4080.2938,649467978.0,2026-01-20T14:27:49.396764
sz399006,创业板指,3261.784,-2.27,3340.456,3347.944,3260.646,22966402271.0,2026-01-20T14:27:49.396764
sh600519,贵州茅台,1375.21,-0.06,1379.5,1381.58,1372.05,3115685.0,2026-01-20T14:27:49.396764
sh000001,上证指数,4103.0534,-0.27,4116.3659,4128.9304,4080.2938,651400428.0,2026-01-20T14:28:49.444471
sz399006,创业板指,3262.679,-2.24,3340.456,3347.944,3260.646,23029925703.0,2026-01-20T14:28:49.444471
sh600519,贵州茅台,1375.1,-0.07,1379.5,1381.58,1372.05,3123085.0,2026-01-20T14:28:49.444471
sh000001,上证指数,4105.0456,-0.22,4116.3659,4128.9304,4080.2938,653259524.0,2026-01-20T14:29:49.486401
sz399006,创业板指,3265.242,-2.17,3340.456,3347.944,3260.646,23104329773.0,2026-01-20T14:29:49.486401
sh600519,贵州茅台,1375.49,-0.04,1379.5,1381.58,1372.05,3130885.0,2026-01-20T14:29:49.486401
sh000001,上证指数,4105.4986,-0.21,4116.3659,4128.9304,4080.2938,655595634.0,2026-01-20T14:30:49.533207
sz399006,创业板指,3265.046,-2.17,3340.456,3347.944,3260.646,23183166258.0,2026-01-20T14:30:49.533207
sh600519,贵州茅台,1375.0,-0.07,1379.5,1381.58,1372.05,3148385.0,2026-01-20T14:30:49.533207
sh000001,上证指数,4103.5079,-0.26,4116.3659,4128.9304,4080.2938,658283211.0,2026-01-20T14:31:49.573586
sz399006,创业板指,3260.877,-2.3,3340.456,3347.944,3260.646,23313662239.0,2026-01-20T14:31:49.573586
sh600519,贵州茅台,1374.83,-0.09,1379.5,1381.58,1372.05,3157085.0,2026-01-20T14:31:49.573586
sh000001,上证指数,4101.6472,-0.3,4116.3659,4128.9304,4080.2938,660518873.0,2026-01-20T14:32:49.616351
sz399006,创业板指,3259.378,-2.34,3340.456,3347.944,3259.378,23410103280.0,2026-01-20T14:32:49.616351
sh600519,贵州茅台,1375.0,-0.07,1379.5,1381.58,1372.05,3168085.0,2026-01-20T14:32:49.616351
sh000001,上证指数,4101.1603,-0.31,4116.3659,4128.9304,4080.2938,662573811.0,2026-01-20T14:33:49.652739
sz399006,创业板指,3259.021,-2.35,3340.456,3347.944,3259.021,23504921330.0,2026-01-20T14:33:49.652739
sh600519,贵州茅台,1375.0,-0.07,1379.5,1381.58,1372.05,3177385.0,2026-01-20T14:33:49.652739
sh000001,上证指数,4100.696,-0.32,4116.3659,4128.9304,4080.2938,664813223.0,2026-01-20T14:34:49.688685
sz399006,创业板指,3257.487,-2.4,3340.456,3347.944,3257.487,23607765714.0,2026-01-20T14:34:49.688685
sh600519,贵州茅台,1375.99,-0.0,1379.5,1381.58,1372.05,3196785.0,2026-01-20T14:34:49.688685
sh000001,上证指数,4101.7618,-0.3,4116.3659,4128.9304,4080.2938,667072464.0,2026-01-20T14:35:49.734310
sz399006,创业板指,3259.87,-2.33,3340.456,3347.944,3257.435,23708525333.0,2026-01-20T14:35:49.734310
sh600519,贵州茅台,1375.9,-0.01,1379.5,1381.58,1372.05,3210285.0,2026-01-20T14:35:49.734310
sh000001,上证指数,4102.3741,-0.28,4116.3659,4128.9304,4080.2938,669337025.0,2026-01-20T14:36:49.773655
sz399006,创业板指,3261.216,-2.29,3340.456,3347.944,3257.435,23788876825.0,2026-01-20T14:36:49.773655
sh600519,贵州茅台,1375.03,-0.07,1379.5,1381.58,1372.05,3221585.0,2026-01-20T14:36:49.773655
sh000001,上证指数,4102.9388,-0.27,4116.3659,4128.9304,4080.2938,671277329.0,2026-01-20T14:37:49.828187
sz399006,创业板指,3261.163,-2.29,3340.456,3347.944,3257.435,23860192416.0,2026-01-20T14:37:49.828187
sh600519,贵州茅台,1375.61,-0.03,1379.5,1381.58,1372.05,3239385.0,2026-01-20T14:37:49.828187
sh000001,上证指数,4101.3141,-0.31,4116.3659,4128.9304,4080.2938,673181097.0,2026-01-20T14:38:49.866451
sz399006,创业板指,3258.837,-2.36,3340.456,3347.944,3257.435,23934631851.0,2026-01-20T14:38:49.866451
sh600519,贵州茅台,1374.81,-0.09,1379.5,1381.58,1372.05,3253085.0,2026-01-20T14:38:49.866451
sh000001,上证指数,4104.004,-0.24,4116.3659,4128.9304,4080.2938,675561092.0,2026-01-20T14:39:49.910614
sz399006,创业板指,3261.888,-2.27,3340.456,3347.944,3257.435,24036593818.0,2026-01-20T14:39:49.910614
sh600519,贵州茅台,1374.79,-0.09,1379.5,1381.58,1372.05,3260085.0,2026-01-20T14:39:49.910614
sh000001,上证指数,4105.0647,-0.22,4116.3659,4128.9304,4080.2938,677882691.0,2026-01-20T14:40:49.948356
sz399006,创业板指,3263.271,-2.23,3340.456,3347.944,3257.435,24118043422.0,2026-01-20T14:40:49.948356
sh600519,贵州茅台,1374.89,-0.08,1379.5,1381.58,1372.05,3266885.0,2026-01-20T14:40:49.948356
sh000001,上证指数,4105.6791,-0.2,4116.3659,4128.9304,4080.2938,680167103.0,2026-01-20T14:41:49.989137
sz399006,创业板指,3263.036,-2.23,3340.456,3347.944,3257.435,24197996353.0,2026-01-20T14:41:49.989137
sh600519,贵州茅台,1374.83,-0.09,1379.5,1381.58,1372.05,3275485.0,2026-01-20T14:41:49.989137
sh000001,上证指数,4105.6135,-0.2,4116.3659,4128.9304,4080.2938,681997122.0,2026-01-20T14:42:50.028199
sz399006,创业板指,3262.72,-2.24,3340.456,3347.944,3257.435,24269207187.0,2026-01-20T14:42:50.028199
sh600519,贵州茅台,1374.99,-0.07,1379.5,1381.58,1372.05,3282470.0,2026-01-20T14:42:50.028199
sh000001,上证指数,4107.584,-0.16,4116.3659,4128.9304,4080.2938,684622622.0,2026-01-20T14:43:50.101373
sz399006,创业板指,3266.83,-2.12,3340.456,3347.944,3257.435,24357074685.0,2026-01-20T14:43:50.101373
sh600519,贵州茅台,1375.35,-0.05,1379.5,1381.58,1372.05,3290970.0,2026-01-20T14:43:50.101373
sh000001,上证指数,4108.5439,-0.13,4116.3659,4128.9304,4080.2938,687287854.0,2026-01-20T14:44:50.140596
sz399006,创业板指,3268.518,-2.07,3340.456,3347.944,3257.435,24446500382.0,2026-01-20T14:44:50.140596
sh600519,贵州茅台,1375.22,-0.06,1379.5,1381.58,1372.05,3301870.0,2026-01-20T14:44:50.140596
sh000001,上证指数,4110.3069,-0.09,4116.3659,4128.9304,4080.2938,689895993.0,2026-01-20T14:45:50.178083
sz399006,创业板指,3271.243,-1.99,3340.456,3347.944,3257.435,24527448457.0,2026-01-20T14:45:50.178083
sh600519,贵州茅台,1375.59,-0.03,1379.5,1381.58,1372.05,3313770.0,2026-01-20T14:45:50.178083
sh000001,上证指数,4111.9258,-0.05,4116.3659,4128.9304,4080.2938,693264880.0,2026-01-20T14:46:50.218486
sz399006,创业板指,3272.967,-1.94,3340.456,3347.944,3257.435,24635383811.0,2026-01-20T14:46:50.218486
sh600519,贵州茅台,1375.23,-0.06,1379.5,1381.58,1372.05,3330470.0,2026-01-20T14:46:50.218486
sh000001,上证指数,4109.8065,-0.1,4116.3659,4128.9304,4080.2938,695889652.0,2026-01-20T14:47:50.254336
sz399006,创业板指,3270.435,-2.01,3340.456,3347.944,3257.435,24728217900.0,2026-01-20T14:47:50.254336
sh600519,贵州茅台,1374.71,-0.09,1379.5,1381.58,1372.05,3361185.0,2026-01-20T14:47:50.254336
sh000001,上证指数,4110.5597,-0.08,4116.3659,4128.9304,4080.2938,698424407.0,2026-01-20T14:48:50.299251
sz399006,创业板指,3270.058,-2.02,3340.456,3347.944,3257.435,24806024027.0,2026-01-20T14:48:50.299251
sh600519,贵州茅台,1374.71,-0.09,1379.5,1381.58,1372.05,3373686.0,2026-01-20T14:48:50.299251
sh000001,上证指数,4110.0155,-0.1,4116.3659,4128.9304,4080.2938,701034295.0,2026-01-20T14:49:50.339575
sz399006,创业板指,3269.851,-2.03,3340.456,3347.944,3257.435,24897433826.0,2026-01-20T14:49:50.339575
sh600519,贵州茅台,1374.7,-0.09,1379.5,1381.58,1372.05,3385786.0,2026-01-20T14:49:50.339575
sh000001,上证指数,4111.4555,-0.06,4116.3659,4128.9304,4080.2938,704118395.0,2026-01-20T14:50:50.378194
sz399006,创业板指,3272.83,-1.94,3340.456,3347.944,3257.435,25015371408.0,2026-01-20T14:50:50.378194
sh600519,贵州茅台,1374.69,-0.1,1379.5,1381.58,1372.05,3400786.0,2026-01-20T14:50:50.378194
sh000001,上证指数,4110.111,-0.09,4116.3659,4128.9304,4080.2938,707548279.0,2026-01-20T14:51:50.444394
sz399006,创业板指,3273.04,-1.93,3340.456,3347.944,3257.435,25120991308.0,2026-01-20T14:51:50.444394
sh600519,贵州茅台,1373.99,-0.15,1379.5,1381.58,1372.05,3459085.0,2026-01-20T14:51:50.444394
sh000001,上证指数,4110.3182,-0.09,4116.3659,4128.9304,4080.2938,710569181.0,2026-01-20T14:52:50.483333
sz399006,创业板指,3272.604,-1.95,3340.456,3347.944,3257.435,25224704280.0,2026-01-20T14:52:50.483333
sh600519,贵州茅台,1373.63,-0.17,1379.5,1381.58,1372.05,3484585.0,2026-01-20T14:52:50.483333
sh000001,上证指数,4111.136,-0.07,4116.3659,4128.9304,4080.2938,713957929.0,2026-01-20T14:53:50.517965
sz399006,创业板指,3274.667,-1.89,3340.456,3347.944,3257.435,25338164496.0,2026-01-20T14:53:50.517965
sh600519,贵州茅台,1373.49,-0.18,1379.5,1381.58,1372.05,3509885.0,2026-01-20T14:53:50.517965
sh000001,上证指数,4111.639,-0.06,4116.3659,4128.9304,4080.2938,717625103.0,2026-01-20T14:54:50.556856
sz399006,创业板指,3275.537,-1.86,3340.456,3347.944,3257.435,25466348746.0,2026-01-20T14:54:50.556856
sh600519,贵州茅台,1373.55,-0.18,1379.5,1381.58,1372.05,3542385.0,2026-01-20T14:54:50.556856
sh000001,上证指数,4112.4365,-0.04,4116.3659,4128.9304,4080.2938,721591762.0,2026-01-20T14:55:50.598201
sz399006,创业板指,3276.637,-1.83,3340.456,3347.944,3257.435,25611566784.0,2026-01-20T14:55:50.598201
sh600519,贵州茅台,1373.53,-0.18,1379.5,1381.58,1372.05,3571085.0,2026-01-20T14:55:50.598201
sh000001,上证指数,4113.8498,-0.0,4116.3659,4128.9304,4080.2938,726440082.0,2026-01-20T14:56:50.633055
sz399006,创业板指,3278.242,-1.78,3340.456,3347.944,3257.435,25792209072.0,2026-01-20T14:56:50.633055
sh600519,贵州茅台,1373.57,-0.18,1379.5,1381.58,1372.05,3592285.0,2026-01-20T14:56:50.633055
sh000001,上证指数,4114.263,0.01,4116.3659,4128.9304,4080.2938,727310630.0,2026-01-20T14:57:50.669702
sz399006,创业板指,3278.56,-1.77,3340.456,3347.944,3257.435,25818901539.0,2026-01-20T14:57:50.669702
sh600519,贵州茅台,1373.6,-0.17,1379.5,1381.58,1372.05,3593485.0,2026-01-20T14:57:50.669702
sh000001,上证指数,4114.263,0.01,4116.3659,4128.9304,4080.2938,727310630.0,2026-01-20T14:58:50.709582
sz399006,创业板指,3278.56,-1.77,3340.456,3347.944,3257.435,25818901539.0,2026-01-20T14:58:50.709582
sh600519,贵州茅台,1373.6,-0.17,1379.5,1381.58,1372.05,3593485.0,2026-01-20T14:58:50.709582
sh000001,上证指数,4114.263,0.01,4116.3659,4128.9304,4080.2938,727310630.0,2026-01-20T14:59:50.750349
sz399006,创业板指,3278.56,-1.77,3340.456,3347.944,3257.435,25818901539.0,2026-01-20T14:59:50.750349
sh600519,贵州茅台,1373.6,-0.17,1379.5,1381.58,1372.05,3593485.0,2026-01-20T14:59:50.750349
sh000001,上证指数,4113.649,-0.01,4116.3659,4128.9304,4080.2938,734362496.0,2026-01-20T15:00:50.787096
sz399006,创业板指,3277.979,-1.79,3340.456,3347.944,3257.435,26073148031.0,2026-01-20T15:00:50.787096
sh600519,贵州茅台,1373.55,-0.18,1379.5,1381.58,1372.05,3648443.0,2026-01-20T15:00:50.787096
sh000001,上证指数,4113.649,-0.01,4116.3659,4128.9304,4080.2938,734362496.0,2026-01-20T15:01:50.840483
sz399006,创业板指,3277.979,-1.79,3340.456,3347.944,3257.435,26073148031.0,2026-01-20T15:01:50.840483
sh600519,贵州茅台,1373.55,-0.18,1379.5,1381.58,1372.05,3648443.0,2026-01-20T15:01:50.840483
sh000001,上证指数,4113.649,-0.01,4116.3659,4128.9304,4080.2938,734362496.0,2026-01-20T15:02:50.879773
sz399006,创业板指,3277.979,-1.79,3340.456,3347.944,3257.435,26073148031.0,2026-01-20T15:02:50.879773
sh600519,贵州茅台,1373.55,-0.18,1379.5,1381.58,1372.05,3648443.0,2026-01-20T15:02:50.879773
sh000001,上证指数,4113.649,-0.01,4116.3659,4128.9304,4080.2938,734362496.0,2026-01-20T15:03:50.914008
sz399006,创业板指,3277.979,-1.79,3340.456,3347.944,3257.435,26073148031.0,2026-01-20T15:03:50.914008
sh600519,贵州茅台,1373.55,-0.18,1379.5,1381.58,1372.05,3648443.0,2026-01-20T15:03:50.914008
sh000001,上证指数,4113.649,-0.01,4116.3659,4128.9304,4080.2938,734362496.0,2026-01-20T15:04:50.949218
sz399006,创业板指,3277.979,-1.79,3340.456,3347.944,3257.435,26073148031.0,2026-01-20T15:04:50.949218
sh600519,贵州茅台,1373.55,-0.18,1379.5,1381.58,1372.05,3648443.0,2026-01-20T15:04:50.949218
sh000001,上证指数,4113.649,-0.01,4116.3659,4128.9304,4080.2938,734362496.0,2026-01-20T15:05:50.982365
sz399006,创业板指,3277.979,-1.79,3340.456,3347.944,3257.435,26073148031.0,2026-01-20T15:05:50.982365
sh600519,贵州茅台,1373.55,-0.18,1379.5,1381.58,1372.05,3648443.0,2026-01-20T15:05:50.982365
sh000001,上证指数,4113.649,-0.01,4116.3659,4128.9304,4080.2938,734362496.0,2026-01-20T15:06:51.019031
sz399006,创业板指,3277.979,-1.79,3340.456,3347.944,3257.435,26073148031.0,2026-01-20T15:06:51.019031
sh600519,贵州茅台,1373.55,-0.18,1379.5,1381.58,1372.05,3648443.0,2026-01-20T15:06:51.019031
sh000001,上证指数,4113.649,-0.01,4116.3659,4128.9304,4080.2938,734362496.0,2026-01-20T15:07:51.057202
sz399006,创业板指,3277.979,-1.79,3340.456,3347.944,3257.435,26073148031.0,2026-01-20T15:07:51.057202
sh600519,贵州茅台,1373.55,-0.18,1379.5,1381.58,1372.05,3648443.0,2026-01-20T15:07:51.057202
sh000001,上证指数,4113.649,-0.01,4116.3659,4128.9304,4080.2938,734362496.0,2026-01-20T15:08:51.091366
sz399006,创业板指,3277.979,-1.79,3340.456,3347.944,3257.435,26073148031.0,2026-01-20T15:08:51.091366
sh600519,贵州茅台,1373.55,-0.18,1379.5,1381.58,1372.05,3648443.0,2026-01-20T15:08:51.091366
sh000001,上证指数,4113.649,-0.01,4116.3659,4128.9304,4080.2938,734362496.0,2026-01-20T15:09:51.126453
sz399006,创业板指,3277.979,-1.79,3340.456,3347.944,3257.435,26073148031.0,2026-01-20T15:09:51.126453
sh600519,贵州茅台,1373.55,-0.18,1379.5,1381.58,1372.05,3648443.0,2026-01-20T15:09:51.126453
sh000001,上证指数,4113.649,-0.01,4116.3659,4128.9304,4080.2938,734362496.0,2026-01-20T15:10:51.165865
sz399006,创业板指,3277.979,-1.79,3340.456,3347.944,3257.435,26073148031.0,2026-01-20T15:10:51.165865
sh600519,贵州茅台,1373.55,-0.18,1379.5,1381.58,1372.05,3648443.0,2026-01-20T15:10:51.165865
sh000001,上证指数,4113.649,-0.01,4116.3659,4128.9304,4080.2938,734362496.0,2026-01-20T15:11:51.204375
sz399006,创业板指,3277.979,-1.79,3340.456,3347.944,3257.435,26073148031.0,2026-01-20T15:11:51.204375
sh600519,贵州茅台,1373.55,-0.18,1379.5,1381.58,1372.05,3648443.0,2026-01-20T15:11:51.204375
sh000001,上证指数,4113.649,-0.01,4116.3659,4128.9304,4080.2938,734362496.0,2026-01-20T15:12:51.248061
sz399006,创业板指,3277.979,-1.79,3340.456,3347.944,3257.435,26073148031.0,2026-01-20T15:12:51.248061
sh600519,贵州茅台,1373.55,-0.18,1379.5,1381.58,1372.05,3648443.0,2026-01-20T15:12:51.248061
sh000001,上证指数,4113.649,-0.01,4116.3659,4128.9304,4080.2938,734362496.0,2026-01-20T15:13:51.285289
sz399006,创业板指,3277.979,-1.79,3340.456,3347.944,3257.435,26073148031.0,2026-01-20T15:13:51.285289
sh600519,贵州茅台,1373.55,-0.18,1379.5,1381.58,1372.05,3648443.0,2026-01-20T15:13:51.285289
sh000001,上证指数,4113.649,-0.01,4116.3659,4128.9304,4080.2938,734362496.0,2026-01-20T15:14:51.317614
sz399006,创业板指,3277.979,-1.79,3340.456,3347.944,3257.435,26073148031.0,2026-01-20T15:14:51.317614
sh600519,贵州茅台,1373.55,-0.18,1379.5,1381.58,1372.05,3648443.0,2026-01-20T15:14:51.317614
sh000001,上证指数,4113.649,-0.01,4116.3659,4128.9304,4080.2938,734362496.0,2026-01-20T15:15:51.356610
sz399006,创业板指,3277.979,-1.79,3340.456,3347.944,3257.435,26073148031.0,2026-01-20T15:15:51.356610
sh600519,贵州茅台,1373.55,-0.18,1379.5,1381.58,1372.05,3648443.0,2026-01-20T15:15:51.356610
sh000001,上证指数,4113.649,-0.01,4116.3659,4128.9304,4080.2938,734362496.0,2026-01-20T15:16:51.439243
sz399006,创业板指,3277.979,-1.79,3340.456,3347.944,3257.435,26073148031.0,2026-01-20T15:16:51.439243
sh600519,贵州茅台,1373.55,-0.18,1379.5,1381.58,1372.05,3648443.0,2026-01-20T15:16:51.439243
sh000001,上证指数,4113.649,-0.01,4116.3659,4128.9304,4080.2938,734362496.0,2026-01-20T15:17:51.479160
sz399006,创业板指,3277.979,-1.79,3340.456,3347.944,3257.435,26073148031.0,2026-01-20T15:17:51.479160
sh600519,贵州茅台,1373.55,-0.18,1379.5,1381.58,1372.05,3648443.0,2026-01-20T15:17:51.479160
sh000001,上证指数,4113.649,-0.01,4116.3659,4128.9304,4080.2938,734362496.0,2026-01-20T15:18:51.517895
sz399006,创业板指,3277.979,-1.79,3340.456,3347.944,3257.435,26073148031.0,2026-01-20T15:18:51.517895
sh600519,贵州茅台,1373.55,-0.18,1379.5,1381.58,1372.05,3648443.0,2026-01-20T15:18:51.517895
sh000001,上证指数,4113.649,-0.01,4116.3659,4128.9304,4080.2938,734362496.0,2026-01-20T15:19:51.558481
sz399006,创业板指,3277.979,-1.79,3340.456,3347.944,3257.435,26073148031.0,2026-01-20T15:19:51.558481
sh600519,贵州茅台,1373.55,-0.18,1379.5,1381.58,1372.05,3648443.0,2026-01-20T15:19:51.558481
sh000001,上证指数,4113.649,-0.01,4116.3659,4128.9304,4080.2938,734362496.0,2026-01-20T15:20:51.637423
sz399006,创业板指,3277.979,-1.79,3340.456,3347.944,3257.435,26073148031.0,2026-01-20T15:20:51.637423
sh600519,贵州茅台,1373.55,-0.18,1379.5,1381.58,1372.05,3648443.0,2026-01-20T15:20:51.637423
sh000001,上证指数,4113.649,-0.01,4116.3659,4128.9304,4080.2938,734362496.0,2026-01-20T15:21:51.673514
sz399006,创业板指,3277.979,-1.79,3340.456,3347.944,3257.435,26073148031.0,2026-01-20T15:21:51.673514
sh600519,贵州茅台,1373.55,-0.18,1379.5,1381.58,1372.05,3648443.0,2026-01-20T15:21:51.673514
sh000001,上证指数,4113.649,-0.01,4116.3659,4128.9304,4080.2938,734362496.0,2026-01-20T15:22:51.712252
sz399006,创业板指,3277.979,-1.79,3340.456,3347.944,3257.435,26073148031.0,2026-01-20T15:22:51.712252
sh600519,贵州茅台,1373.55,-0.18,1379.5,1381.58,1372.05,3648443.0,2026-01-20T15:22:51.712252
sh000001,上证指数,4113.649,-0.01,4116.3659,4128.9304,4080.2938,734362496.0,2026-01-20T15:23:51.752691
sz399006,创业板指,3277.979,-1.79,3340.456,3347.944,3257.435,26073148031.0,2026-01-20T15:23:51.752691
sh600519,贵州茅台,1373.55,-0.18,1379.5,1381.58,1372.05,3648443.0,2026-01-20T15:23:51.752691
sh000001,上证指数,4113.649,-0.01,4116.3659,4128.9304,4080.2938,734362496.0,2026-01-20T15:24:51.787006
sz399006,创业板指,3277.979,-1.79,3340.456,3347.944,3257.435,26073148031.0,2026-01-20T15:24:51.787006
sh600519,贵州茅台,1373.55,-0.18,1379.5,1381.58,1372.05,3648443.0,2026-01-20T15:24:51.787006
sh000001,上证指数,4113.649,-0.01,4116.3659,4128.9304,4080.2938,734362496.0,2026-01-20T15:25:51.825506
sz399006,创业板指,3277.979,-1.79,3340.456,3347.944,3257.435,26073148031.0,2026-01-20T15:25:51.825506
sh600519,贵州茅台,1373.55,-0.18,1379.5,1381.58,1372.05,3648443.0,2026-01-20T15:25:51.825506
sh000001,上证指数,4113.649,-0.01,4116.3659,4128.9304,4080.2938,734362496.0,2026-01-20T15:26:51.877541
sz399006,创业板指,3277.979,-1.79,3340.456,3347.944,3257.435,26073148031.0,2026-01-20T15:26:51.877541
sh600519,贵州茅台,1373.55,-0.18,1379.5,1381.58,1372.05,3648443.0,2026-01-20T15:26:51.877541
sh000001,上证指数,4113.649,-0.01,4116.3659,4128.9304,4080.2938,734362496.0,2026-01-20T15:27:22.851249
sz399006,创业板指,3277.979,-1.79,3340.456,3347.944,3257.435,26073148031.0,2026-01-20T15:27:22.851249
sh600519,贵州茅台,1373.55,-0.18,1379.5,1381.58,1372.05,3648443.0,2026-01-20T15:27:22.851249
sh000001,上证指数,4113.649,-0.01,4116.3659,4128.9304,4080.2938,734362496.0,2026-01-20T16:47:42.458694
sz399006,创业板指,3277.979,-1.79,3340.456,3347.944,3257.435,26073148031.0,2026-01-20T16:47:42.458694
sh600519,贵州茅台,1373.55,-0.18,1379.5,1381.58,1372.05,3648443.0,2026-01-20T16:47:42.458694
sh000001,上证指数,4113.649,-0.01,4116.3659,4128.9304,4080.2938,734362496.0,2026-01-20T16:48:42.503483
sz399006,创业板指,3277.979,-1.79,3340.456,3347.944,3257.435,26073148031.0,2026-01-20T16:48:42.503483
sh600519,贵州茅台,1373.55,-0.18,1379.5,1381.58,1372.05,3648443.0,2026-01-20T16:48:42.503483
sh000001,上证指数,4113.649,-0.01,4116.3659,4128.9304,4080.2938,734362496.0,2026-01-20T16:49:42.815109
sz399006,创业板指,3277.979,-1.79,3340.456,3347.944,3257.435,26073148031.0,2026-01-20T16:49:42.815109
sh600519,贵州茅台,1373.55,-0.18,1379.5,1381.58,1372.05,3648443.0,2026-01-20T16:49:42.815109
sh000001,上证指数,4113.649,-0.01,4116.3659,4128.9304,4080.2938,734362496.0,2026-01-20T16:50:42.853252
sz399006,创业板指,3277.979,-1.79,3340.456,3347.944,3257.435,26073148031.0,2026-01-20T16:50:42.853252
sh600519,贵州茅台,1373.55,-0.18,1379.5,1381.58,1372.05,3648443.0,2026-01-20T16:50:42.853252
sh000001,上证指数,4113.649,-0.01,4116.3659,4128.9304,4080.2938,734362496.0,2026-01-20T16:51:42.891240
sz399006,创业板指,3277.979,-1.79,3340.456,3347.944,3257.435,26073148031.0,2026-01-20T16:51:42.891240
sh600519,贵州茅台,1373.55,-0.18,1379.5,1381.58,1372.05,3648443.0,2026-01-20T16:51:42.891240
sh000001,上证指数,4113.649,-0.01,4116.3659,4128.9304,4080.2938,734362496.0,2026-01-20T16:52:42.932319
sz399006,创业板指,3277.979,-1.79,3340.456,3347.944,3257.435,26073148031.0,2026-01-20T16:52:42.932319
sh600519,贵州茅台,1373.55,-0.18,1379.5,1381.58,1372.05,3648443.0,2026-01-20T16:52:42.932319
sh000001,上证指数,4113.649,-0.01,4116.3659,4128.9304,4080.2938,734362496.0,2026-01-20T16:53:42.974449
sz399006,创业板指,3277.979,-1.79,3340.456,3347.944,3257.435,26073148031.0,2026-01-20T16:53:42.974449
sh600519,贵州茅台,1373.55,-0.18,1379.5,1381.58,1372.05,3648443.0,2026-01-20T16:53:42.974449
sh000001,上证指数,4113.649,-0.01,4116.3659,4128.9304,4080.2938,734362496.0,2026-01-20T16:54:43.011557
sz399006,创业板指,3277.979,-1.79,3340.456,3347.944,3257.435,26073148031.0,2026-01-20T16:54:43.011557
sh600519,贵州茅台,1373.55,-0.18,1379.5,1381.58,1372.05,3648443.0,2026-01-20T16:54:43.011557
sh000001,上证指数,4113.649,-0.01,4116.3659,4128.9304,4080.2938,734362496.0,2026-01-20T16:55:43.051281
sz399006,创业板指,3277.979,-1.79,3340.456,3347.944,3257.435,26073148031.0,2026-01-20T16:55:43.051281
sh600519,贵州茅台,1373.55,-0.18,1379.5,1381.58,1372.05,3648443.0,2026-01-20T16:55:43.051281
sh000001,上证指数,4113.649,-0.01,4116.3659,4128.9304,4080.2938,734362496.0,2026-01-20T16:56:43.103808
sz399006,创业板指,3277.979,-1.79,3340.456,3347.944,3257.435,26073148031.0,2026-01-20T16:56:43.103808
sh600519,贵州茅台,1373.55,-0.18,1379.5,1381.58,1372.05,3648443.0,2026-01-20T16:56:43.103808
sh000001,上证指数,4113.649,-0.01,4116.3659,4128.9304,4080.2938,734362496.0,2026-01-20T16:57:43.138527
sz399006,创业板指,3277.979,-1.79,3340.456,3347.944,3257.435,26073148031.0,2026-01-20T16:57:43.138527
sh600519,贵州茅台,1373.55,-0.18,1379.5,1381.58,1372.05,3648443.0,2026-01-20T16:57:43.138527
sh000001,上证指数,4113.649,-0.01,4116.3659,4128.9304,4080.2938,734362496.0,2026-01-20T16:58:43.191189
sz399006,创业板指,3277.979,-1.79,3340.456,3347.944,3257.435,26073148031.0,2026-01-20T16:58:43.191189
sh600519,贵州茅台,1373.55,-0.18,1379.5,1381.58,1372.05,3648443.0,2026-01-20T16:58:43.191189
sh000001,上证指数,4113.649,-0.01,4116.3659,4128.9304,4080.2938,734362496.0,2026-01-20T17:11:36.156227
sz399006,创业板指,3277.979,-1.79,3340.456,3347.944,3257.435,26073148031.0,2026-01-20T17:11:36.156227
sh600519,贵州茅台,1373.55,-0.18,1379.5,1381.58,1372.05,3648443.0,2026-01-20T17:11:36.156227
sh000001,上证指数,4113.649,-0.01,4116.3659,4128.9304,4080.2938,734362496.0,2026-01-20T17:12:36.202340
sz399006,创业板指,3277.979,-1.79,3340.456,3347.944,3257.435,26073148031.0,2026-01-20T17:12:36.202340
sh600519,贵州茅台,1373.55,-0.18,1379.5,1381.58,1372.05,3648443.0,2026-01-20T17:12:36.202340
sh000001,上证指数,4113.649,-0.01,4116.3659,4128.9304,4080.2938,734362496.0,2026-01-20T17:13:36.239725
sz399006,创业板指,3277.979,-1.79,3340.456,3347.944,3257.435,26073148031.0,2026-01-20T17:13:36.239725
sh600519,贵州茅台,1373.55,-0.18,1379.5,1381.58,1372.05,3648443.0,2026-01-20T17:13:36.239725
sh000001,上证指数,4113.649,-0.01,4116.3659,4128.9304,4080.2938,734362496.0,2026-01-20T17:14:36.278901
sz399006,创业板指,3277.979,-1.79,3340.456,3347.944,3257.435,26073148031.0,2026-01-20T17:14:36.278901
sh600519,贵州茅台,1373.55,-0.18,1379.5,1381.58,1372.05,3648443.0,2026-01-20T17:14:36.278901
sh000001,上证指数,4113.649,-0.01,4116.3659,4128.9304,4080.2938,734362496.0,2026-01-20T17:15:36.313376
sz399006,创业板指,3277.979,-1.79,3340.456,3347.944,3257.435,26073148031.0,2026-01-20T17:15:36.313376
sh600519,贵州茅台,1373.55,-0.18,1379.5,1381.58,1372.05,3648443.0,2026-01-20T17:15:36.313376
sh000001,上证指数,4113.649,-0.01,4116.3659,4128.9304,4080.2938,734362496.0,2026-01-20T17:16:36.351619
sz399006,创业板指,3277.979,-1.79,3340.456,3347.944,3257.435,26073148031.0,2026-01-20T17:16:36.351619
sh600519,贵州茅台,1373.55,-0.18,1379.5,1381.58,1372.05,3648443.0,2026-01-20T17:16:36.351619
sh000001,上证指数,4113.649,-0.01,4116.3659,4128.9304,4080.2938,734362496.0,2026-01-20T17:17:36.388153
sz399006,创业板指,3277.979,-1.79,3340.456,3347.944,3257.435,26073148031.0,2026-01-20T17:17:36.388153
sh600519,贵州茅台,1373.55,-0.18,1379.5,1381.58,1372.05,3648443.0,2026-01-20T17:17:36.388153
sh000001,上证指数,4113.649,-0.01,4116.3659,4128.9304,4080.2938,734362496.0,2026-01-20T17:18:36.429534
sz399006,创业板指,3277.979,-1.79,3340.456,3347.944,3257.435,26073148031.0,2026-01-20T17:18:36.429534
sh600519,贵州茅台,1373.55,-0.18,1379.5,1381.58,1372.05,3648443.0,2026-01-20T17:18:36.429534
sh000001,上证指数,4113.649,-0.01,4116.3659,4128.9304,4080.2938,734362496.0,2026-01-20T17:19:36.470146
sz399006,创业板指,3277.979,-1.79,3340.456,3347.944,3257.435,26073148031.0,2026-01-20T17:19:36.470146
sh600519,贵州茅台,1373.55,-0.18,1379.5,1381.58,1372.05,3648443.0,2026-01-20T17:19:36.470146
sh000001,上证指数,4113.649,-0.01,4116.3659,4128.9304,4080.2938,734362496.0,2026-01-20T17:20:36.508620
sz399006,创业板指,3277.979,-1.79,3340.456,3347.944,3257.435,26073148031.0,2026-01-20T17:20:36.508620
sh600519,贵州茅台,1373.55,-0.18,1379.5,1381.58,1372.05,3648443.0,2026-01-20T17:20:36.508620
sh000001,上证指数,4113.649,-0.01,4116.3659,4128.9304,4080.2938,734362496.0,2026-01-20T17:21:36.548345
sz399006,创业板指,3277.979,-1.79,3340.456,3347.944,3257.435,26073148031.0,2026-01-20T17:21:36.548345
sh600519,贵州茅台,1373.55,-0.18,1379.5,1381.58,1372.05,3648443.0,2026-01-20T17:21:36.548345
sh000001,上证指数,4113.649,-0.01,4116.3659,4128.9304,4080.2938,734362496.0,2026-01-20T17:22:36.588668
sz399006,创业板指,3277.979,-1.79,3340.456,3347.944,3257.435,26073148031.0,2026-01-20T17:22:36.588668
sh600519,贵州茅台,1373.55,-0.18,1379.5,1381.58,1372.05,3648443.0,2026-01-20T17:22:36.588668
sh000001,上证指数,4113.649,-0.01,4116.3659,4128.9304,4080.2938,734362496.0,2026-01-20T17:23:36.627287
sz399006,创业板指,3277.979,-1.79,3340.456,3347.944,3257.435,26073148031.0,2026-01-20T17:23:36.627287
sh600519,贵州茅台,1373.55,-0.18,1379.5,1381.58,1372.05,3648443.0,2026-01-20T17:23:36.627287
sh000001,上证指数,4113.649,-0.01,4116.3659,4128.9304,4080.2938,734362496.0,2026-01-20T17:24:36.664930
sz399006,创业板指,3277.979,-1.79,3340.456,3347.944,3257.435,26073148031.0,2026-01-20T17:24:36.664930
sh600519,贵州茅台,1373.55,-0.18,1379.5,1381.58,1372.05,3648443.0,2026-01-20T17:24:36.664930
sh000001,上证指数,4113.649,-0.01,4116.3659,4128.9304,4080.2938,734362496.0,2026-01-20T17:25:36.711140
sz399006,创业板指,3277.979,-1.79,3340.456,3347.944,3257.435,26073148031.0,2026-01-20T17:25:36.711140
sh600519,贵州茅台,1373.55,-0.18,1379.5,1381.58,1372.05,3648443.0,2026-01-20T17:25:36.711140
sh000001,上证指数,4113.649,-0.01,4116.3659,4128.9304,4080.2938,734362496.0,2026-01-20T17:26:36.748982
sz399006,创业板指,3277.979,-1.79,3340.456,3347.944,3257.435,26073148031.0,2026-01-20T17:26:36.748982
sh600519,贵州茅台,1373.55,-0.18,1379.5,1381.58,1372.05,3648443.0,2026-01-20T17:26:36.748982
sh000001,上证指数,4113.649,-0.01,4116.3659,4128.9304,4080.2938,734362496.0,2026-01-20T17:27:36.787677
sz399006,创业板指,3277.979,-1.79,3340.456,3347.944,3257.435,26073148031.0,2026-01-20T17:27:36.787677
sh600519,贵州茅台,1373.55,-0.18,1379.5,1381.58,1372.05,3648443.0,2026-01-20T17:27:36.787677
sh000001,上证指数,4113.649,-0.01,4116.3659,4128.9304,4080.2938,734362496.0,2026-01-20T17:28:36.827438
sz399006,创业板指,3277.979,-1.79,3340.456,3347.944,3257.435,26073148031.0,2026-01-20T17:28:36.827438
sh600519,贵州茅台,1373.55,-0.18,1379.5,1381.58,1372.05,3648443.0,2026-01-20T17:28:36.827438
sh000001,上证指数,4113.649,-0.01,4116.3659,4128.9304,4080.2938,734362496.0,2026-01-20T17:29:36.865914
sz399006,创业板指,3277.979,-1.79,3340.456,3347.944,3257.435,26073148031.0,2026-01-20T17:29:36.865914
sh600519,贵州茅台,1373.55,-0.18,1379.5,1381.58,1372.05,3648443.0,2026-01-20T17:29:36.865914
sh000001,上证指数,4113.649,-0.01,4116.3659,4128.9304,4080.2938,734362496.0,2026-01-20T17:30:36.902608
sz399006,创业板指,3277.979,-1.79,3340.456,3347.944,3257.435,26073148031.0,2026-01-20T17:30:36.902608
sh600519,贵州茅台,1373.55,-0.18,1379.5,1381.58,1372.05,3648443.0,2026-01-20T17:30:36.902608
sh000001,上证指数,4113.649,-0.01,4116.3659,4128.9304,4080.2938,734362496.0,2026-01-20T17:31:36.941920
sz399006,创业板指,3277.979,-1.79,3340.456,3347.944,3257.435,26073148031.0,2026-01-20T17:31:36.941920
sh600519,贵州茅台,1373.55,-0.18,1379.5,1381.58,1372.05,3648443.0,2026-01-20T17:31:36.941920
sh000001,上证指数,4113.649,-0.01,4116.3659,4128.9304,4080.2938,734362496.0,2026-01-20T17:32:36.979959
sz399006,创业板指,3277.979,-1.79,3340.456,3347.944,3257.435,26073148031.0,2026-01-20T17:32:36.979959
sh600519,贵州茅台,1373.55,-0.18,1379.5,1381.58,1372.05,3648443.0,2026-01-20T17:32:36.979959
sh000001,上证指数,4113.649,-0.01,4116.3659,4128.9304,4080.2938,734362496.0,2026-01-20T17:34:00.309828
sz399006,创业板指,3277.979,-1.79,3340.456,3347.944,3257.435,26073148031.0,2026-01-20T17:34:00.309828
sh600519,贵州茅台,1373.55,-0.18,1379.5,1381.58,1372.05,3648443.0,2026-01-20T17:34:00.309828
sh000001,上证指数,4113.649,-0.01,4116.3659,4128.9304,4080.2938,734362496.0,2026-01-20T17:35:00.352637
sz399006,创业板指,3277.979,-1.79,3340.456,3347.944,3257.435,26073148031.0,2026-01-20T17:35:00.352637
sh600519,贵州茅台,1373.55,-0.18,1379.5,1381.58,1372.05,3648443.0,2026-01-20T17:35:00.352637
sh000001,上证指数,4113.649,-0.01,4116.3659,4128.9304,4080.2938,734362496.0,2026-01-20T17:36:00.396262
sz399006,创业板指,3277.979,-1.79,3340.456,3347.944,3257.435,26073148031.0,2026-01-20T17:36:00.396262
sh600519,贵州茅台,1373.55,-0.18,1379.5,1381.58,1372.05,3648443.0,2026-01-20T17:36:00.396262
sh000001,上证指数,4113.649,-0.01,4116.3659,4128.9304,4080.2938,734362496.0,2026-01-20T17:37:00.434792
sz399006,创业板指,3277.979,-1.79,3340.456,3347.944,3257.435,26073148031.0,2026-01-20T17:37:00.434792
sh600519,贵州茅台,1373.55,-0.18,1379.5,1381.58,1372.05,3648443.0,2026-01-20T17:37:00.434792
sh000001,上证指数,4113.649,-0.01,4116.3659,4128.9304,4080.2938,734362496.0,2026-01-20T17:38:00.475794
sz399006,创业板指,3277.979,-1.79,3340.456,3347.944,3257.435,26073148031.0,2026-01-20T17:38:00.475794
sh600519,贵州茅台,1373.55,-0.18,1379.5,1381.58,1372.05,3648443.0,2026-01-20T17:38:00.475794
sh000001,上证指数,4113.649,-0.01,4116.3659,4128.9304,4080.2938,734362496.0,2026-01-20T17:39:14.840696
sz399006,创业板指,3277.979,-1.79,3340.456,3347.944,3257.435,26073148031.0,2026-01-20T17:39:14.840696
sh600519,贵州茅台,1373.55,-0.18,1379.5,1381.58,1372.05,3648443.0,2026-01-20T17:39:14.840696
sh000001,上证指数,4113.649,-0.01,4116.3659,4128.9304,4080.2938,734362496.0,2026-01-20T17:40:14.893813
sz399006,创业板指,3277.979,-1.79,3340.456,3347.944,3257.435,26073148031.0,2026-01-20T17:40:14.893813
sh600519,贵州茅台,1373.55,-0.18,1379.5,1381.58,1372.05,3648443.0,2026-01-20T17:40:14.893813
sh000001,上证指数,4113.649,-0.01,4116.3659,4128.9304,4080.2938,734362496.0,2026-01-20T17:41:14.933909
sz399006,创业板指,3277.979,-1.79,3340.456,3347.944,3257.435,26073148031.0,2026-01-20T17:41:14.933909
sh600519,贵州茅台,1373.55,-0.18,1379.5,1381.58,1372.05,3648443.0,2026-01-20T17:41:14.933909
sh000001,上证指数,4113.649,-0.01,4116.3659,4128.9304,4080.2938,734362496.0,2026-01-20T17:41:56.230109
sz399006,创业板指,3277.979,-1.79,3340.456,3347.944,3257.435,26073148031.0,2026-01-20T17:41:56.230109
sh600519,贵州茅台,1373.55,-0.18,1379.5,1381.58,1372.05,3648443.0,2026-01-20T17:41:56.230109
sh000001,上证指数,4113.649,-0.01,4116.3659,4128.9304,4080.2938,734362496.0,2026-01-20T17:43:12.620198
sz399006,创业板指,3277.979,-1.79,3340.456,3347.944,3257.435,26073148031.0,2026-01-20T17:43:12.620198
sh600519,贵州茅台,1373.55,-0.18,1379.5,1381.58,1372.05,3648443.0,2026-01-20T17:43:12.620198
sh000001,上证指数,4113.649,-0.01,4116.3659,4128.9304,4080.2938,734362496.0,2026-01-20T17:44:12.669870
sz399006,创业板指,3277.979,-1.79,3340.456,3347.944,3257.435,26073148031.0,2026-01-20T17:44:12.669870
sh600519,贵州茅台,1373.55,-0.18,1379.5,1381.58,1372.05,3648443.0,2026-01-20T17:44:12.669870
sh000001,上证指数,4113.649,-0.01,4116.3659,4128.9304,4080.2938,734362496.0,2026-01-20T17:45:12.709680
sz399006,创业板指,3277.979,-1.79,3340.456,3347.944,3257.435,26073148031.0,2026-01-20T17:45:12.709680
sh600519,贵州茅台,1373.55,-0.18,1379.5,1381.58,1372.05,3648443.0,2026-01-20T17:45:12.709680
sh000001,上证指数,4113.649,-0.01,4116.3659,4128.9304,4080.2938,734362496.0,2026-01-20T17:46:12.784676
sz399006,创业板指,3277.979,-1.79,3340.456,3347.944,3257.435,26073148031.0,2026-01-20T17:46:12.784676
sh600519,贵州茅台,1373.55,-0.18,1379.5,1381.58,1372.05,3648443.0,2026-01-20T17:46:12.784676
sh000001,上证指数,4113.649,-0.01,4116.3659,4128.9304,4080.2938,734362496.0,2026-01-20T17:47:12.822686
sz399006,创业板指,3277.979,-1.79,3340.456,3347.944,3257.435,26073148031.0,2026-01-20T17:47:12.822686
sh600519,贵州茅台,1373.55,-0.18,1379.5,1381.58,1372.05,3648443.0,2026-01-20T17:47:12.822686
sh000001,上证指数,4113.649,-0.01,4116.3659,4128.9304,4080.2938,734362496.0,2026-01-20T17:48:12.856352
sz399006,创业板指,3277.979,-1.79,3340.456,3347.944,3257.435,26073148031.0,2026-01-20T17:48:12.856352
sh600519,贵州茅台,1373.55,-0.18,1379.5,1381.58,1372.05,3648443.0,2026-01-20T17:48:12.856352
sh000001,上证指数,4113.649,-0.01,4116.3659,4128.9304,4080.2938,734362496.0,2026-01-20T17:49:12.895832
sz399006,创业板指,3277.979,-1.79,3340.456,3347.944,3257.435,26073148031.0,2026-01-20T17:49:12.895832
sh600519,贵州茅台,1373.55,-0.18,1379.5,1381.58,1372.05,3648443.0,2026-01-20T17:49:12.895832
sh000001,上证指数,4113.649,-0.01,4116.3659,4128.9304,4080.2938,734362496.0,2026-01-20T17:50:12.934529
sz399006,创业板指,3277.979,-1.79,3340.456,3347.944,3257.435,26073148031.0,2026-01-20T17:50:12.934529
sh600519,贵州茅台,1373.55,-0.18,1379.5,1381.58,1372.05,3648443.0,2026-01-20T17:50:12.934529
sh000001,上证指数,4113.649,-0.01,4116.3659,4128.9304,4080.2938,734362496.0,2026-01-20T17:51:12.976456
sz399006,创业板指,3277.979,-1.79,3340.456,3347.944,3257.435,26073148031.0,2026-01-20T17:51:12.976456
sh600519,贵州茅台,1373.55,-0.18,1379.5,1381.58,1372.05,3648443.0,2026-01-20T17:51:12.976456
sh000001,上证指数,4113.649,-0.01,4116.3659,4128.9304,4080.2938,734362496.0,2026-01-20T17:52:13.018147
sz399006,创业板指,3277.979,-1.79,3340.456,3347.944,3257.435,26073148031.0,2026-01-20T17:52:13.018147
sh600519,贵州茅台,1373.55,-0.18,1379.5,1381.58,1372.05,3648443.0,2026-01-20T17:52:13.018147
sh000001,上证指数,4113.649,-0.01,4116.3659,4128.9304,4080.2938,734362496.0,2026-01-20T17:53:13.055727
sz399006,创业板指,3277.979,-1.79,3340.456,3347.944,3257.435,26073148031.0,2026-01-20T17:53:13.055727
sh600519,贵州茅台,1373.55,-0.18,1379.5,1381.58,1372.05,3648443.0,2026-01-20T17:53:13.055727
sh000001,上证指数,4113.649,-0.01,4116.3659,4128.9304,4080.2938,734362496.0,2026-01-20T17:54:13.098192
sz399006,创业板指,3277.979,-1.79,3340.456,3347.944,3257.435,26073148031.0,2026-01-20T17:54:13.098192
sh600519,贵州茅台,1373.55,-0.18,1379.5,1381.58,1372.05,3648443.0,2026-01-20T17:54:13.098192
sh000001,上证指数,4113.649,-0.01,4116.3659,4128.9304,4080.2938,734362496.0,2026-01-20T17:55:13.133988
sz399006,创业板指,3277.979,-1.79,3340.456,3347.944,3257.435,26073148031.0,2026-01-20T17:55:13.133988
sh600519,贵州茅台,1373.55,-0.18,1379.5,1381.58,1372.05,3648443.0,2026-01-20T17:55:13.133988
sh000001,上证指数,4113.649,-0.01,4116.3659,4128.9304,4080.2938,734362496.0,2026-01-20T17:56:13.170962
sz399006,创业板指,3277.979,-1.79,3340.456,3347.944,3257.435,26073148031.0,2026-01-20T17:56:13.170962
sh600519,贵州茅台,1373.55,-0.18,1379.5,1381.58,1372.05,3648443.0,2026-01-20T17:56:13.170962
sh000001,上证指数,4113.649,-0.01,4116.3659,4128.9304,4080.2938,734362496.0,2026-01-20T17:57:13.205237
sz399006,创业板指,3277.979,-1.79,3340.456,3347.944,3257.435,26073148031.0,2026-01-20T17:57:13.205237
sh600519,贵州茅台,1373.55,-0.18,1379.5,1381.58,1372.05,3648443.0,2026-01-20T17:57:13.205237
sh000001,上证指数,4113.649,-0.01,4116.3659,4128.9304,4080.2938,734362496.0,2026-01-20T17:58:13.243185
sz399006,创业板指,3277.979,-1.79,3340.456,3347.944,3257.435,26073148031.0,2026-01-20T17:58:13.243185
sh600519,贵州茅台,1373.55,-0.18,1379.5,1381.58,1372.05,3648443.0,2026-01-20T17:58:13.243185
